itemid (omop_source_code),label,ordercategorydescription,amountuom,omop_concept_id,omop_concept_name,omop_domain_id,omop_vocabulary_id,omop_concept_class_id,omop_standard_concept,omop_concept_code,sssom_author_id,sssom_reviewer_id,sssom_subject_source_version,sssom_mapping_tool,sssom_mapping_date,sssom_confidence,sssom_comment,inputevents_row_count
221906,Norepinephrine,Continuous Med,mg,35603731,norepinephrine Injection,Drug,RxNorm,Clinical Drug Form,S,1745276,0000-0001-8822-1884,0000-0002-9348-9284,MIMIC-IV v2.0,https://athena.ohdsi.org/,11/30/2021,,,353659
222168,Propofol,Continuous Med,mg,40220385,propofol Injection,Drug,RxNorm,Clinical Drug Form,S,1808216,0000-0001-8822-1884,0000-0002-9348-9284,MIMIC-IV v2.0,https://athena.ohdsi.org/,11/30/2021,,,339218
221749,Phenylephrine,Continuous Med,mg,46287544,phenylephrine Injection,Drug,RxNorm,Clinical Drug Form,S,1666371,0000-0001-8822-1884,0000-0002-9348-9284,MIMIC-IV v2.0,https://athena.ohdsi.org/,11/30/2021,,,203138
221744,Fentanyl,Drug Push,mcg,35603427,fentanyl Injection,Drug,RxNorm,Clinical Drug Form,S,1735002,0000-0001-8822-1884,0000-0002-9348-9284,MIMIC-IV v2.0,https://athena.ohdsi.org/,11/30/2021,,,201660
225166,Potassium Chloride,Continuous IV,mEq,1718692,potassium chloride Injection,Drug,RxNorm,Clinical Drug Form,S,1860131,0000-0001-8822-1884,0000-0002-9348-9284,MIMIC-IV v2.0,https://athena.ohdsi.org/,11/30/2021,,,184507
225975,Heparin Sodium (Prophylaxis),Drug Push,dose,1718457,heparin Injection,Drug,RxNorm,Clinical Drug Form,S,1857598,0000-0001-8822-1884,0000-0002-9348-9284,MIMIC-IV v2.0,https://athena.ohdsi.org/,11/30/2021,,,159427
223258,Insulin - Regular,Drug Push,units,1361259,"insulin, regular, human Injection",Drug,RxNorm,Clinical Drug Form,S,2179743,0000-0001-8822-1884,0000-0002-9348-9284,MIMIC-IV v2.0,https://athena.ohdsi.org/,11/30/2021,,,154343
223258,Insulin - Regular,Continuous Med,units,1361259,"insulin, regular, human Injection",Drug,RxNorm,Clinical Drug Form,S,2179743,0000-0001-8822-1884,0000-0002-9348-9284,MIMIC-IV v2.0,https://athena.ohdsi.org/,11/30/2021,,,142747
225942,Fentanyl (Concentrate),Continuous Med,mg,35603427,fentanyl Injection,Drug,RxNorm,Clinical Drug Form,S,1735002,0000-0001-8822-1884,0000-0002-9348-9284,MIMIC-IV v2.0,https://athena.ohdsi.org/,11/30/2021,,,117284
225798,Vancomycin,Drug Push,dose,40221349,vancomycin Injection,Drug,RxNorm,Clinical Drug Form,S,1807507,0000-0001-8822-1884,0000-0002-9348-9284,MIMIC-IV v2.0,https://athena.ohdsi.org/,11/30/2021,,,115630
227522,KCL (Bolus),Continuous IV,ml,1718692,potassium chloride Injection,Drug,RxNorm,Clinical Drug Form,S,1860131,0000-0001-8822-1884,0000-0002-9348-9284,MIMIC-IV v2.0,https://athena.ohdsi.org/,11/30/2021,,,103944
221833,Hydromorphone (Dilaudid),Drug Push,mg,35603598,hydromorphone Injection [Dilaudid],Drug,RxNorm,Branded Drug Form,S,1724273,0000-0001-8822-1884,0000-0002-9348-9284,MIMIC-IV v2.0,https://athena.ohdsi.org/,11/30/2021,,,97747
223262,Insulin - Humalog,Drug Push,units,40166275,insulin lispro Injectable Solution [Humalog],Drug,RxNorm,Branded Drug Form,S,865097,0000-0001-8822-1884,0000-0002-9348-9284,MIMIC-IV v2.0,https://athena.ohdsi.org/,11/30/2021,,,88725
221794,Furosemide (Lasix),Drug Push,mg,40040332,furosemide Injectable Solution [Lasix],Drug,RxNorm,Branded Drug Form,S,287524,0000-0001-8822-1884,0000-0002-9348-9284,MIMIC-IV v2.0,https://athena.ohdsi.org/,11/30/2021,,,83711
222168,Propofol,Drug Push,mg,40220385,propofol Injection,Drug,RxNorm,Clinical Drug Form,S,1808216,0000-0001-8822-1884,0000-0002-9348-9284,MIMIC-IV v2.0,https://athena.ohdsi.org/,11/30/2021,,,80695
222056,Nitroglycerin,Continuous Med,mg,1593968,nitroglycerin Injection,Drug,RxNorm,Clinical Drug Form,S,1868493,0000-0001-8822-1884,0000-0002-9348-9284,MIMIC-IV v2.0,https://athena.ohdsi.org/,11/30/2021,,,79847
222011,Magnesium Sulfate,Continuous IV,grams,46275855,magnesium sulfate Injection,Drug,RxNorm,Clinical Drug Form,S,1656665,0000-0001-8822-1884,0000-0002-9348-9284,MIMIC-IV v2.0,https://athena.ohdsi.org/,11/30/2021,,,76199
225152,Heparin Sodium,Continuous Med,units,1718457,heparin Injection,Drug,RxNorm,Clinical Drug Form,S,1857598,0000-0001-8822-1884,0000-0002-9348-9284,MIMIC-IV v2.0,https://athena.ohdsi.org/,11/30/2021,,,72645
225154,Morphine Sulfate,Drug Push,mg,35604830,morphine Injection,Drug,RxNorm,Clinical Drug Form,S,1728776,0000-0001-8822-1884,0000-0002-9348-9284,MIMIC-IV v2.0,https://athena.ohdsi.org/,11/30/2021,,"Morphine is repeated in row 79 with the same itemid but as ""Continuous Med"". Should we map it to the same concept_id or use the concept_id in the link? Link: https://athena.ohdsi.org/search-terms/terms/40061548",70873
221456,Calcium Gluconate,Continuous IV,grams,35603394,calcium gluconate Injection,Drug,RxNorm,Clinical Drug Form,S,1668247,0000-0001-8822-1884,0000-0002-9348-9284,MIMIC-IV v2.0,https://athena.ohdsi.org/,11/30/2021,,,65073
225893,Piperacillin/Tazobactam (Zosyn),Drug Push,dose,46275429,piperacillin / tazobactam Injection [Zosyn],Drug,RxNorm,Branded Drug Form,S,1659133,0000-0001-8822-1884,0000-0002-9348-9284,MIMIC-IV v2.0,https://athena.ohdsi.org/,11/30/2021,,,63410
225851,Cefepime,Drug Push,dose,46287348,cefepime Injection,Drug,RxNorm,Clinical Drug Form,S,1665087,0000-0001-8822-1884,0000-0002-9348-9284,MIMIC-IV v2.0,https://athena.ohdsi.org/,11/30/2021,,,62852
225974,Metoprolol,Drug Push,mg,35605509,metoprolol Injection,Drug,RxNorm,Clinical Drug Form,S,1740909,0000-0001-8822-1884,0000-0002-9348-9284,MIMIC-IV v2.0,https://athena.ohdsi.org/,11/30/2021,,,61917
221668,Midazolam (Versed),Drug Push,mg,40064208,midazolam Injectable Solution [Versed],Drug,RxNorm,Branded Drug Form,S,94517,0000-0001-8822-1884,0000-0002-9348-9284,MIMIC-IV v2.0,https://athena.ohdsi.org/,11/30/2021,,Row 25 and row 30 are mapped to the same concept_id since both have the same itemid in MIMC and because this is the best option I can find on Athena. Link: https://athena.ohdsi.org/search-terms/terms?vocabulary=RxNorm&standardConcept=Standard&domain=Drug&page=1&pageSize=100&query=Versed&sort=concept_id&order=asc&boosts,59883
225907,Famotidine (Pepcid),Drug Push,dose,40036961,famotidine Injectable Solution [Pepcid],Drug,RxNorm,Branded Drug Form,S,362696,0000-0001-8822-1884,0000-0002-9348-9284,MIMIC-IV v2.0,https://athena.ohdsi.org/,11/30/2021,,,58512
229420,Dexmedetomidine (Precedex),Continuous Med,mcg,35603038,dexmedetomidine Injection [Precedex],Drug,RxNorm,Branded Drug Form,S,1718901,0000-0001-8822-1884,0000-0002-9348-9284,MIMIC-IV v2.0,https://athena.ohdsi.org/,11/30/2021,,,56683
225884,Metronidazole,Drug Push,dose,1592855,metronidazole Injection,Drug,RxNorm,Clinical Drug Form,S,1863330,0000-0001-8822-1884,0000-0002-9348-9284,MIMIC-IV v2.0,https://athena.ohdsi.org/,11/30/2021,,,56415
227523,Magnesium Sulfate (Bolus),Continuous IV,ml,46275855,magnesium sulfate Injection,Drug,RxNorm,Clinical Drug Form,S,1656665,0000-0001-8822-1884,0000-0002-9348-9284,MIMIC-IV v2.0,https://athena.ohdsi.org/,11/30/2021,,,54446
221668,Midazolam (Versed),Continuous Med,mg,40064208,midazolam Injectable Solution [Versed],Drug,RxNorm,Branded Drug Form,S,94517,0000-0001-8822-1884,0000-0002-9348-9284,MIMIC-IV v2.0,https://athena.ohdsi.org/,11/30/2021,,,54311
227536,KCl (CRRT),Continuous Med,mEq.,1718692,potassium chloride Injection,Drug,RxNorm,Clinical Drug Form,S,1860131,0000-0001-8822-1884,0000-0002-9348-9284,MIMIC-IV v2.0,https://athena.ohdsi.org/,11/30/2021,,,54053
225910,Pantoprazole (Protonix),Drug Push,dose,35604332,pantoprazole Injection [Protonix],Drug,RxNorm,Branded Drug Form,S,1737589,0000-0001-8822-1884,0000-0002-9348-9284,MIMIC-IV v2.0,https://athena.ohdsi.org/,11/30/2021,,,52506
225150,Dexmedetomidine (Precedex),Continuous Med,mcg,35603038,dexmedetomidine Injection [Precedex],Drug,RxNorm,Branded Drug Form,S,1718901,0000-0001-8822-1884,0000-0002-9348-9284,MIMIC-IV v2.0,https://athena.ohdsi.org/,11/30/2021,,,47241
228315,Acetaminophen-IV,Drug Push,mg,40220874,acetaminophen Injection,Drug,RxNorm,Clinical Drug Form,S,1803956,0000-0001-8822-1884,0000-0002-9348-9284,MIMIC-IV v2.0,https://athena.ohdsi.org/,11/30/2021,,,40653
225850,Cefazolin,Drug Push,dose,46287337,cefazolin Injection,Drug,RxNorm,Clinical Drug Form,S,1665049,0000-0001-8822-1884,0000-0002-9348-9284,MIMIC-IV v2.0,https://athena.ohdsi.org/,11/30/2021,,,39632
225883,Meropenem,Drug Push,dose,35606000,meropenem Injection,Drug,RxNorm,Clinical Drug Form,S,1722933,0000-0001-8822-1884,0000-0002-9348-9284,MIMIC-IV v2.0,https://athena.ohdsi.org/,11/30/2021,,,39498
221385,Lorazepam (Ativan),Drug Push,mg,46287373,lorazepam Injection [Ativan],Drug,RxNorm,Branded Drug Form,S,1665189,0000-0001-8822-1884,0000-0002-9348-9284,MIMIC-IV v2.0,https://athena.ohdsi.org/,11/30/2021,,,39388
222042,Nicardipine,Continuous Med,mg,42628857,nicardipine Injection,Drug,RxNorm,Clinical Drug Form,S,1791339,0000-0001-8822-1884,0000-0002-9348-9284,MIMIC-IV v2.0,https://athena.ohdsi.org/,11/30/2021,,,39358
227525,Calcium Gluconate (CRRT),Continuous Med,grams,35603394,calcium gluconate Injection,Drug,RxNorm,Clinical Drug Form,S,1668247,0000-0001-8822-1884,0000-0002-9348-9284,MIMIC-IV v2.0,https://athena.ohdsi.org/,11/30/2021,,,35916
229630,Phenylephrine (50/250),Continuous Med,mg,40074086,phenylephrine Injectable Solution,Drug,RxNorm,Clinical Drug Form,S,373369,0000-0001-8822-1884,0000-0002-9348-9284,MIMIC-IV v2.0,https://athena.ohdsi.org/,11/30/2021,,,35766
227526,Citrate,Continuous IV,mmol,40100890,sodium citrate Injectable Solution,Drug,RxNorm,Clinical Drug Form,S,375634,0000-0001-8822-1884,0000-0002-9348-9284,MIMIC-IV v2.0,https://athena.ohdsi.org/,11/30/2021,,,33228
227529,ACD-A Citrate (1000ml),Continuous IV,ml,43531812,Citric Acid 0.038 MEQ/ML / Glucose 24.5 MG/ML / sodium citrate 0.0748 MEQ/ML Injectable Solution,Drug,RxNorm,Clinical Drug,S,1425457,0000-0001-8822-1884,0000-0002-9348-9284,MIMIC-IV v2.0,https://athena.ohdsi.org/,11/30/2021,,Deprecated RxNorm Code,32425
221828,Hydralazine,Drug Push,mg,1592857,hydralazine Injection,Drug,RxNorm,Clinical Drug Form,S,1863334,0000-0001-8822-1884,0000-0002-9348-9284,MIMIC-IV v2.0,https://athena.ohdsi.org/,11/30/2021,,,31894
223260,Insulin - Glargine,Drug Push,units,40051347,insulin glargine Injectable Solution,Drug,RxNorm,Clinical Drug Form,S,378864,0000-0001-8822-1884,0000-0002-9348-9284,MIMIC-IV v2.0,https://athena.ohdsi.org/,11/30/2021,,,31701
228315,Acetaminophen-IV,Continuous Med,mg,40220874,acetaminophen Injection,Drug,RxNorm,Clinical Drug Form,S,1803956,0000-0001-8822-1884,0000-0002-9348-9284,MIMIC-IV v2.0,https://athena.ohdsi.org/,11/30/2021,,,27748
222315,Vasopressin,Continuous Med,units,35201749,vasopressin (USP) Injection,Drug,RxNorm,Clinical Drug Form,S,2103181,0000-0001-8822-1884,0000-0002-9348-9284,MIMIC-IV v2.0,https://athena.ohdsi.org/,11/30/2021,,,27197
221289,Epinephrine,Continuous Med,mg,46275915,epinephrine Injection,Drug,RxNorm,Clinical Drug Form,S,1660013,0000-0001-8822-1884,0000-0002-9348-9284,MIMIC-IV v2.0,https://athena.ohdsi.org/,11/30/2021,,,25687
221794,Furosemide (Lasix),Continuous Med,mg,40040332,furosemide Injectable Solution [Lasix],Drug,RxNorm,Branded Drug Form,S,287524,0000-0001-8822-1884,0000-0002-9348-9284,MIMIC-IV v2.0,https://athena.ohdsi.org/,11/30/2021,,,21034
228340,Furosemide (Lasix) 250/50,Continuous Med,mg,19027327,furosemide 50 MG/ML Injectable Solution,Drug,RxNorm,Clinical Drug,S,204154,0000-0001-8822-1884,0000-0002-9348-9284,MIMIC-IV v2.0,https://athena.ohdsi.org/,11/30/2021,,,19752
225855,Ceftriaxone,Drug Push,dose,46287316,ceftriaxone Injection,Drug,RxNorm,Clinical Drug Form,S,1664992,0000-0001-8822-1884,0000-0002-9348-9284,MIMIC-IV v2.0,https://athena.ohdsi.org/,11/30/2021,,,18140
221662,Dopamine,Continuous Med,mg,35606558,dopamine Injection,Drug,RxNorm,Clinical Drug Form,S,1743862,0000-0001-8822-1884,0000-0002-9348-9284,MIMIC-IV v2.0,https://athena.ohdsi.org/,11/30/2021,,,17756
225859,Ciprofloxacin,Drug Push,dose,46287381,ciprofloxacin Injection,Drug,RxNorm,Clinical Drug Form,S,1665209,0000-0001-8822-1884,0000-0002-9348-9284,MIMIC-IV v2.0,https://athena.ohdsi.org/,11/30/2021,,,16471
225153,Labetalol,Drug Push,mg,739771,labetalol Injection,Drug,RxNorm,Clinical Drug Form,S,2477888,0000-0001-8822-1884,0000-0002-9348-9284,MIMIC-IV v2.0,https://athena.ohdsi.org/,11/30/2021,,,16340
221555,Cisatracurium,Continuous Med,mg,35605392,cisatracurium Injection,Drug,RxNorm,Clinical Drug Form,S,1730193,0000-0001-8822-1884,0000-0002-9348-9284,MIMIC-IV v2.0,https://athena.ohdsi.org/,11/30/2021,,,14688
221824,Haloperidol (Haldol),Drug Push,mg,35603242,haloperidol Injection [Haldol],Drug,RxNorm,Branded Drug Form,S,1719668,0000-0001-8822-1884,0000-0002-9348-9284,MIMIC-IV v2.0,https://athena.ohdsi.org/,11/30/2021,,,14178
221429,Esmolol,Continuous Med,mg,35603869,esmolol Injection,Drug,RxNorm,Clinical Drug Form,S,1736540,0000-0001-8822-1884,0000-0002-9348-9284,MIMIC-IV v2.0,https://athena.ohdsi.org/,11/30/2021,,,13641
221744,Fentanyl,Continuous Med,mg,35603427,fentanyl Injection,Drug,RxNorm,Clinical Drug Form,S,1735002,0000-0001-8822-1884,0000-0002-9348-9284,MIMIC-IV v2.0,https://athena.ohdsi.org/,11/30/2021,,,11894
221468,Diltiazem,Continuous Med,mg,42629594,diltiazem Injection,Drug,RxNorm,Clinical Drug Form,S,1791228,0000-0001-8822-1884,0000-0002-9348-9284,MIMIC-IV v2.0,https://athena.ohdsi.org/,11/30/2021,,,11717
225888,Nafcillin,Drug Push,dose,35605335,nafcillin Injection,Drug,RxNorm,Clinical Drug Form,S,1721457,0000-0001-8822-1884,0000-0002-9348-9284,MIMIC-IV v2.0,https://athena.ohdsi.org/,11/30/2021,,,11688
225833,Thiamine,Continuous IV,mg,40091031,thiamine Injectable Solution,Drug,RxNorm,Clinical Drug Form,S,370492,0000-0001-8822-1884,0000-0002-9348-9284,MIMIC-IV v2.0,https://athena.ohdsi.org/,11/30/2021,,,11416
225892,Piperacillin,Drug Push,dose,40077149,piperacillin Injectable Solution,Drug,RxNorm,Clinical Drug Form,S,373467,0000-0001-8822-1884,0000-0002-9348-9284,MIMIC-IV v2.0,https://athena.ohdsi.org/,11/30/2021,,,11395
229624,Nicardipine 40mg/200,Continuous Med,mg,40165068,200 ML nicardipine hydrochloride 0.2 MG/ML Injection,Drug,RxNorm,Quant Clinical Drug,S,858603,0000-0001-8822-1884,0000-0002-9348-9284,MIMIC-IV v2.0,https://athena.ohdsi.org/,11/30/2021,,,10902
225842,Ampicillin,Drug Push,dose,35605339,ampicillin Injection,Drug,RxNorm,Clinical Drug Form,S,1721470,0000-0001-8822-1884,0000-0002-9348-9284,MIMIC-IV v2.0,https://athena.ohdsi.org/,11/30/2021,,,10193
228316,Levetiracetam (Keppra),Drug Push,mg,42629457,levetiracetam Injection [Keppra],Drug,RxNorm,Branded Drug Form,S,1790332,0000-0001-8822-1884,0000-0002-9348-9284,MIMIC-IV v2.0,https://athena.ohdsi.org/,11/30/2021,,,10048
221986,Milrinone,Continuous Med,mg,42628988,milrinone Injection,Drug,RxNorm,Clinical Drug Form,S,1791839,0000-0001-8822-1884,0000-0002-9348-9284,MIMIC-IV v2.0,https://athena.ohdsi.org/,11/30/2021,,,10010
225853,Ceftazidime,Drug Push,dose,46275510,ceftazidime Injection,Drug,RxNorm,Clinical Drug Form,S,1659277,0000-0001-8822-1884,0000-0002-9348-9284,MIMIC-IV v2.0,https://athena.ohdsi.org/,11/30/2021,,,9796
225798,Vancomycin,Non Iv Meds,dose,40087256,vancomycin Oral Solution,Drug,RxNorm,Clinical Drug Form,S,374282,0000-0001-8822-1884,0000-0002-9348-9284,MIMIC-IV v2.0,https://athena.ohdsi.org/,11/30/2021,,,9367
220995,Sodium Bicarbonate 8.4%,Continuous IV,mEq,1593967,sodium bicarbonate 84 MG/ML Injection,Drug,RxNorm,Clinical Drug,S,1868487,0000-0001-8822-1884,0000-0002-9348-9284,MIMIC-IV v2.0,https://athena.ohdsi.org/,11/30/2021,,,9264
225834,K Phos,Continuous IV,mmol,40101380,potassium phosphate Injectable Solution,Drug,RxNorm,Clinical Drug Form,S,152998,0000-0001-8822-1884,0000-0002-9348-9284,MIMIC-IV v2.0,https://athena.ohdsi.org/,11/30/2021,,,9248
221653,Dobutamine,Continuous Med,mg,1719036,dobutamine Injection,Drug,RxNorm,Clinical Drug Form,S,1812167,0000-0001-8822-1884,0000-0002-9348-9284,MIMIC-IV v2.0,https://athena.ohdsi.org/,11/30/2021,,,8890
225837,Acyclovir,Drug Push,dose,35606520,acyclovir Injection,Drug,RxNorm,Clinical Drug Form,S,1734931,0000-0001-8822-1884,0000-0002-9348-9284,MIMIC-IV v2.0,https://athena.ohdsi.org/,11/30/2021,,,8728
225152,Heparin Sodium,Drug Push,units,1718457,heparin Injection,Drug,RxNorm,Clinical Drug Form,S,1857598,0000-0001-8822-1884,0000-0002-9348-9284,MIMIC-IV v2.0,https://athena.ohdsi.org/,11/30/2021,,,8284
225843,Ampicillin/Sulbactam (Unasyn),Drug Push,dose,46275618,ampicillin / sulbactam Injection [Unasyn],Drug,RxNorm,Branded Drug Form,S,1659594,0000-0001-8822-1884,0000-0002-9348-9284,MIMIC-IV v2.0,https://athena.ohdsi.org/,11/30/2021,,,8188
225910,Pantoprazole (Protonix),Continuous Med,mg,35604332,pantoprazole Injection [Protonix],Drug,RxNorm,Branded Drug Form,S,1737589,0000-0001-8822-1884,0000-0002-9348-9284,MIMIC-IV v2.0,https://athena.ohdsi.org/,11/30/2021,,,8072
228339,Amiodarone 600/500,Continuous Med,mg,19135750,amiodarone hydrochloride 1.2 MG/ML Injectable Solution,Drug,RxNorm,Clinical Drug,S,849874,0000-0001-8822-1884,0000-0002-9348-9284,MIMIC-IV v2.0,https://athena.ohdsi.org/,11/30/2021,,,8033
221833,Hydromorphone (Dilaudid),Continuous Med,mg,35603598,hydromorphone Injection [Dilaudid],Drug,RxNorm,Branded Drug Form,S,1724273,0000-0001-8822-1884,0000-0002-9348-9284,MIMIC-IV v2.0,https://athena.ohdsi.org/,11/30/2021,,,7906
222051,Nitroprusside,Continuous Med,mg,46287576,nitroprusside Injection,Drug,RxNorm,Clinical Drug Form,S,1666592,0000-0001-8822-1884,0000-0002-9348-9284,MIMIC-IV v2.0,https://athena.ohdsi.org/,11/30/2021,,,7782
225153,Labetalol,Continuous Med,mg,739771,labetalol Injection,Drug,RxNorm,Clinical Drug Form,S,2477888,0000-0001-8822-1884,0000-0002-9348-9284,MIMIC-IV v2.0,https://athena.ohdsi.org/,11/30/2021,,,7695
225154,Morphine Sulfate,Continuous Med,mg,35604830,morphine Injection,Drug,RxNorm,Clinical Drug Form,S,1728776,0000-0001-8822-1884,0000-0002-9348-9284,MIMIC-IV v2.0,https://athena.ohdsi.org/,11/30/2021,,,7692
223259,Insulin - NPH,Drug Push,units,40051363,insulin isophane Injectable Suspension,Drug,RxNorm,Clinical Drug Form,S,378928,0000-0001-8822-1884,0000-0002-9348-9284,MIMIC-IV v2.0,https://athena.ohdsi.org/,11/30/2021,,,7390
229632,Phenylephrine (200/250),Continuous Med,mg,40074086,phenylephrine Injectable Solution,Drug,RxNorm,Clinical Drug Form,S,373369,0000-0001-8822-1884,0000-0002-9348-9284,MIMIC-IV v2.0,https://athena.ohdsi.org/,11/30/2021,,,7347
227689,Dilantin,Drug Push,mg,35602774,phenytoin Injection,Drug,RxNorm,Clinical Drug Form,S,1670350,0000-0001-8822-1884,0000-0002-9348-9284,MIMIC-IV v2.0,https://athena.ohdsi.org/,11/30/2021,,No Branded Drug Form,7028
225881,Linezolid,Drug Push,dose,46276318,linezolid Injection,Drug,RxNorm,Clinical Drug Form,S,1662277,0000-0001-8822-1884,0000-0002-9348-9284,MIMIC-IV v2.0,https://athena.ohdsi.org/,11/30/2021,,,6782
228316,Levetiracetam (Keppra),Continuous Med,mg,42629457,levetiracetam Injection [Keppra],Drug,RxNorm,Branded Drug Form,S,1790332,0000-0001-8822-1884,0000-0002-9348-9284,MIMIC-IV v2.0,https://athena.ohdsi.org/,11/30/2021,,,6670
225911,Ranitidine (Prophylaxis),Drug Push,dose,1718654,ranitidine Injection,Drug,RxNorm,Clinical Drug Form,S,1859541,0000-0001-8822-1884,0000-0002-9348-9284,MIMIC-IV v2.0,https://athena.ohdsi.org/,11/30/2021,,,6551
225835,Na Phos,Continuous IV,mmol,1592538,"sodium phosphate, dibasic / sodium phosphate, monobasic Injection",Drug,RxNorm,Clinical Drug Form,S,1872383,0000-0001-8822-1884,0000-0002-9348-9284,MIMIC-IV v2.0,https://athena.ohdsi.org/,11/30/2021,,,6447
225860,Clindamycin,Drug Push,dose,35604109,clindamycin Injection,Drug,RxNorm,Clinical Drug Form,S,1737230,0000-0001-8822-1884,0000-0002-9348-9284,MIMIC-IV v2.0,https://athena.ohdsi.org/,11/30/2021,,,5862
229072,Ketorolac (Toradol),Drug Push,mg,40048832,ketorolac Injectable Solution [Toradol],Drug,RxNorm,Branded Drug Form,S,363077,0000-0001-8822-1884,0000-0002-9348-9284,MIMIC-IV v2.0,https://athena.ohdsi.org/,11/30/2021,,,5214
225879,Levofloxacin,Drug Push,dose,46287433,levofloxacin Injection,Drug,RxNorm,Clinical Drug Form,S,1665494,0000-0001-8822-1884,0000-0002-9348-9284,MIMIC-IV v2.0,https://athena.ohdsi.org/,11/30/2021,,,5016
229420,Dexmedetomidine (Precedex),Continuous Med,mg,35603038,dexmedetomidine Injection [Precedex],Drug,RxNorm,Branded Drug Form,S,1718901,0000-0001-8822-1884,0000-0002-9348-9284,MIMIC-IV v2.0,https://athena.ohdsi.org/,11/30/2021,,,4945
229234,Clevidipine (Cleviprex),Continuous Med,mg,42629415,clevidipine Injection [Cleviprex],Drug,RxNorm,Branded Drug Form,S,1790241,0000-0001-8822-1884,0000-0002-9348-9284,MIMIC-IV v2.0,https://athena.ohdsi.org/,11/30/2021,,,4910
221468,Diltiazem,Drug Push,mg,42629594,diltiazem Injection,Drug,RxNorm,Clinical Drug Form,S,1791228,0000-0001-8822-1884,0000-0002-9348-9284,MIMIC-IV v2.0,https://athena.ohdsi.org/,11/30/2021,,,4890
225885,Micafungin,Drug Push,dose,35606010,micafungin Injection,Drug,RxNorm,Clinical Drug Form,S,1722943,0000-0001-8822-1884,0000-0002-9348-9284,MIMIC-IV v2.0,https://athena.ohdsi.org/,11/30/2021,,,4867
221347,Amiodarone,Continuous Med,mg,46276332,amiodarone Injection,Drug,RxNorm,Clinical Drug Form,S,1663223,0000-0001-8822-1884,0000-0002-9348-9284,MIMIC-IV v2.0,https://athena.ohdsi.org/,11/30/2021,,,4787
221347,Amiodarone,Drug Push,mg,46276332,amiodarone Injection,Drug,RxNorm,Clinical Drug Form,S,1663223,0000-0001-8822-1884,0000-0002-9348-9284,MIMIC-IV v2.0,https://athena.ohdsi.org/,11/30/2021,,,4652
225155,Octreotide,Continuous Med,mcg,46234192,octreotide Injection,Drug,RxNorm,Clinical Drug Form,S,1654342,0000-0001-8822-1884,0000-0002-9348-9284,MIMIC-IV v2.0,https://athena.ohdsi.org/,11/30/2021,,,4559
221623,Diazepam (Valium),Drug Push,mg,40035912,diazepam Injectable Solution [Valium],Drug,RxNorm,Branded Drug Form,S,94483,0000-0001-8822-1884,0000-0002-9348-9284,MIMIC-IV v2.0,https://athena.ohdsi.org/,11/30/2021,,,4445
225869,Fluconazole,Drug Push,dose,35605308,fluconazole Injection,Drug,RxNorm,Clinical Drug Form,S,1721309,0000-0001-8822-1884,0000-0002-9348-9284,MIMIC-IV v2.0,https://athena.ohdsi.org/,11/30/2021,,,4360
227690,Fosphenytoin,Drug Push,mg,35602746,fosphenytoin Injection,Drug,RxNorm,Clinical Drug Form,S,1670194,0000-0001-8822-1884,0000-0002-9348-9284,MIMIC-IV v2.0,https://athena.ohdsi.org/,11/30/2021,,,4126
225845,Azithromycin,Drug Push,dose,35603388,azithromycin Injection,Drug,RxNorm,Clinical Drug Form,S,1668237,0000-0001-8822-1884,0000-0002-9348-9284,MIMIC-IV v2.0,https://athena.ohdsi.org/,11/30/2021,,,3889
225909,Lansoprazole (Prevacid),Drug Push,dose,40123804,lansoprazole Injectable Solution [Prevacid],Drug,RxNorm,Branded Drug Form,S,545785,0000-0001-8822-1884,0000-0002-9348-9284,MIMIC-IV v2.0,https://athena.ohdsi.org/,11/30/2021,,,3696
225906,Enoxaparin (Lovenox),Drug Push,dose,40042753,enoxaparin Injectable Solution [Lovenox],Drug,RxNorm,Branded Drug Form,S,362788,0000-0001-8822-1884,0000-0002-9348-9284,MIMIC-IV v2.0,https://athena.ohdsi.org/,11/30/2021,,,3690
227694,Omeprazole (Prilosec),Drug Push,dose,40069724,omeprazole Injectable Solution,Drug,RxNorm,Clinical Drug Form,S,375193,0000-0001-8822-1884,0000-0002-9348-9284,MIMIC-IV v2.0,https://athena.ohdsi.org/,11/30/2021,,No Branded Drug Form,3612
225832,Folic Acid,Continuous IV,mg,40131910,folic acid Injectable Solution,Drug,RxNorm,Clinical Drug Form,S,619047,0000-0001-8822-1884,0000-0002-9348-9284,MIMIC-IV v2.0,https://athena.ohdsi.org/,11/30/2021,,,3571
221712,Ketamine,Continuous Med,mg,40054021,ketamine Injectable Solution,Drug,RxNorm,Clinical Drug Form,S,372528,0000-0001-8822-1884,0000-0002-9348-9284,MIMIC-IV v2.0,https://athena.ohdsi.org/,11/30/2021,,,3470
229616,Ondansetron (Zofran),Drug Push,mg,40070101,ondansetron Injectable Solution [Zofran],Drug,RxNorm,Branded Drug Form,S,94648,0000-0001-8822-1884,0000-0002-9348-9284,MIMIC-IV v2.0,https://athena.ohdsi.org/,11/30/2021,,,3283
225899,Bactrim (SMX/TMP),Drug Push,dose,40081376,sulfamethoxazole / trimethoprim Injectable Solution [Bactrim],Drug,RxNorm,Branded Drug Form,S,403106,0000-0001-8822-1884,0000-0002-9348-9284,MIMIC-IV v2.0,https://athena.ohdsi.org/,11/30/2021,,,3261
229654,Amiodarone 450/250,Continuous Med,mg,46276332,amiodarone Injection,Drug,RxNorm,Clinical Drug Form,S,1663223,0000-0001-8822-1884,0000-0002-9348-9284,MIMIC-IV v2.0,https://athena.ohdsi.org/,11/30/2021,,,3246
225847,Aztreonam,Drug Push,dose,46287306,aztreonam Injection,Drug,RxNorm,Clinical Drug Form,S,1664980,0000-0001-8822-1884,0000-0002-9348-9284,MIMIC-IV v2.0,https://athena.ohdsi.org/,11/30/2021,,,3046
225798,Vancomycin,Drug Push,mg,40221349,vancomycin Injection,Drug,RxNorm,Clinical Drug Form,S,1807507,0000-0001-8822-1884,0000-0002-9348-9284,MIMIC-IV v2.0,https://athena.ohdsi.org/,11/30/2021,,,2997
229070,Glycopyrolate (Robinul),Drug Push,mg,35605662,glycopyrronium Injection [Robinul],Drug,RxNorm,Branded Drug Form,S,1731583,0000-0001-8822-1884,0000-0002-9348-9284,MIMIC-IV v2.0,https://athena.ohdsi.org/,11/30/2021,,,2959
225147,Argatroban,Continuous Med,mg,40220924,argatroban Injection,Drug,RxNorm,Clinical Drug Form,S,1804730,0000-0001-8822-1884,0000-0002-9348-9284,MIMIC-IV v2.0,https://athena.ohdsi.org/,11/30/2021,,,2847
225863,Daptomycin,Drug Push,dose,35605612,daptomycin Injection,Drug,RxNorm,Clinical Drug Form,S,1731096,0000-0001-8822-1884,0000-0002-9348-9284,MIMIC-IV v2.0,https://athena.ohdsi.org/,11/30/2021,,,2452
227535,Vitamin K (Phytonadione),Continuous IV,mg,40092695,vitamin K Injectable Solution,Drug,RxNorm,Clinical Drug Form,S,378846,0000-0001-8822-1884,0000-0002-9348-9284,MIMIC-IV v2.0,https://athena.ohdsi.org/,11/30/2021,,No Branded Drug Form,2433
225875,Gentamicin,Drug Push,dose,1594391,gentamicin Injection,Drug,RxNorm,Clinical Drug Form,S,1870244,0000-0001-8822-1884,0000-0002-9348-9284,MIMIC-IV v2.0,https://athena.ohdsi.org/,11/30/2021,,,2386
225913,Coumadin (Warfarin),Drug Push,dose,40093131,warfarin Injectable Solution [Coumadin],Drug,RxNorm,Branded Drug Form,S,92279,0000-0001-8822-1884,0000-0002-9348-9284,MIMIC-IV v2.0,https://athena.ohdsi.org/,11/30/2021,,,2383
225851,Cefepime,Drug Push,grams,46287348,cefepime Injection,Drug,RxNorm,Clinical Drug Form,S,1665087,0000-0001-8822-1884,0000-0002-9348-9284,MIMIC-IV v2.0,https://athena.ohdsi.org/,11/30/2021,,,2332
229640,Calcium Gluconate (Bolus),Continuous IV,ml,35603394,calcium gluconate Injection,Drug,RxNorm,Clinical Drug Form,S,1668247,0000-0001-8822-1884,0000-0002-9348-9284,MIMIC-IV v2.0,https://athena.ohdsi.org/,11/30/2021,,,2295
227531,Mannitol,Continuous Med,grams,42628878,mannitol Injection,Drug,RxNorm,Clinical Drug Form,S,1791383,0000-0001-8822-1884,0000-0002-9348-9284,MIMIC-IV v2.0,https://athena.ohdsi.org/,11/30/2021,,,2153
229071,Neostigmine (Prostigmin),Drug Push,mg,40072349,neostigmine Injectable Solution [Prostigmin],Drug,RxNorm,Branded Drug Form,S,362807,0000-0001-8822-1884,0000-0002-9348-9284,MIMIC-IV v2.0,https://athena.ohdsi.org/,11/30/2021,,,2106
225884,Metronidazole,Non Iv Meds,dose,40062621,metronidazole Oral Suspension,Drug,RxNorm,Clinical Drug Form,S,372893,0000-0001-8822-1884,0000-0002-9348-9284,MIMIC-IV v2.0,https://athena.ohdsi.org/,11/30/2021,,,2074
223258,Insulin - Regular,Continuous IV,units,1361259,"insulin, regular, human Injection",Drug,RxNorm,Clinical Drug Form,S,2179743,0000-0001-8822-1884,0000-0002-9348-9284,MIMIC-IV v2.0,https://athena.ohdsi.org/,11/30/2021,,,2027
225155,Octreotide,Continuous Med,mg,46234192,octreotide Injection,Drug,RxNorm,Clinical Drug Form,S,1654342,0000-0001-8822-1884,0000-0002-9348-9284,MIMIC-IV v2.0,https://athena.ohdsi.org/,11/30/2021,,,2020
225890,Penicillin G potassium,Drug Push,dose,35603085,penicillin G Injection,Drug,RxNorm,Clinical Drug Form,S,1719795,0000-0001-8822-1884,0000-0002-9348-9284,MIMIC-IV v2.0,https://athena.ohdsi.org/,11/30/2021,,,1868
227520,Methadone Hydrochloride,Drug Push,mg,40063779,methadone Injectable Solution,Drug,RxNorm,Clinical Drug Form,S,372807,0000-0001-8822-1884,0000-0002-9348-9284,MIMIC-IV v2.0,https://athena.ohdsi.org/,11/30/2021,,,1850
225902,Tobramycin,Drug Push,dose,35605484,tobramycin Injection,Drug,RxNorm,Clinical Drug Form,S,1740474,0000-0001-8822-1884,0000-0002-9348-9284,MIMIC-IV v2.0,https://athena.ohdsi.org/,11/30/2021,,,1726
225973,Meperidine (Demerol),Drug Push,mg,46287468,meperidine Injection [Demerol],Drug,RxNorm,Branded Drug Form,S,1665686,0000-0001-8822-1884,0000-0002-9348-9284,MIMIC-IV v2.0,https://athena.ohdsi.org/,11/30/2021,,,1685
229233,Rocuronium,Continuous Med,mg,40080661,rocuronium Injectable Solution,Drug,RxNorm,Clinical Drug Form,S,375623,0000-0001-8822-1884,0000-0002-9348-9284,MIMIC-IV v2.0,https://athena.ohdsi.org/,11/30/2021,,,1622
225876,Imipenem/Cilastatin,Drug Push,dose,35604058,cilastatin / imipenem Injection,Drug,RxNorm,Clinical Drug Form,S,1726203,0000-0001-8822-1884,0000-0002-9348-9284,MIMIC-IV v2.0,https://athena.ohdsi.org/,11/30/2021,,,1543
225859,Ciprofloxacin,Non Iv Meds,dose,40028723,ciprofloxacin Oral Suspension,Drug,RxNorm,Clinical Drug Form,S,371524,0000-0001-8822-1884,0000-0002-9348-9284,MIMIC-IV v2.0,https://athena.ohdsi.org/,11/30/2021,,,1446
225899,Bactrim (SMX/TMP),Non Iv Meds,dose,40160705,sulfamethoxazole / trimethoprim Oral Suspension [Bactrim],Drug,RxNorm,Branded Drug Form,S,849571,0000-0001-8822-1884,0000-0002-9348-9284,MIMIC-IV v2.0,https://athena.ohdsi.org/,11/30/2021,,,1377
225905,Voriconazole,Drug Push,dose,35604631,voriconazole Injection,Drug,RxNorm,Clinical Drug Form,S,1727280,0000-0001-8822-1884,0000-0002-9348-9284,MIMIC-IV v2.0,https://athena.ohdsi.org/,11/30/2021,,,1375
225865,Doxycycline,Drug Push,dose,46233979,doxycycline Injection,Drug,RxNorm,Clinical Drug Form,S,1652652,0000-0001-8822-1884,0000-0002-9348-9284,MIMIC-IV v2.0,https://athena.ohdsi.org/,11/30/2021,,,1360
225884,Metronidazole,Drug Push,mg,1592855,metronidazole Injection,Drug,RxNorm,Clinical Drug Form,S,1863330,0000-0001-8822-1884,0000-0002-9348-9284,MIMIC-IV v2.0,https://athena.ohdsi.org/,11/30/2021,,,1354
229597,Heparin Sodium (Impella),Continuous Med,units,1718457,heparin Injection,Drug,RxNorm,Clinical Drug Form,S,1857598,0000-0001-8822-1884,0000-0002-9348-9284,MIMIC-IV v2.0,https://athena.ohdsi.org/,11/30/2021,,,1353
225837,Acyclovir,Non Iv Meds,dose,40145265,acyclovir Oral Solution,Drug,RxNorm,Clinical Drug Form,S,757149,0000-0001-8822-1884,0000-0002-9348-9284,MIMIC-IV v2.0,https://athena.ohdsi.org/,11/30/2021,,,1347
225150,Dexmedetomidine (Precedex),Continuous Med,mg,35603038,dexmedetomidine Injection [Precedex],Drug,RxNorm,Branded Drug Form,S,1718901,0000-0001-8822-1884,0000-0002-9348-9284,MIMIC-IV v2.0,https://athena.ohdsi.org/,11/30/2021,,,1333
229639,Bumetanide (Bumex),Continuous Med,mg,40014780,bumetanide Injectable Solution [Bumex],Drug,RxNorm,Branded Drug Form,S,92041,0000-0001-8822-1884,0000-0002-9348-9284,MIMIC-IV v2.0,https://athena.ohdsi.org/,11/30/2021,,,1325
225148,Bivalirudin (Angiomax),Continuous Med,mg,46275132,bivalirudin Injection [Angiomax],Drug,RxNorm,Branded Drug Form,S,1657994,0000-0001-8822-1884,0000-0002-9348-9284,MIMIC-IV v2.0,https://athena.ohdsi.org/,11/30/2021,,,1324
225912,Carafate (Sucralfate),Drug Push,dose,40080152,sucralfate Oral Suspension [Carafate],Drug,RxNorm,Branded Drug Form,S,365868,0000-0001-8822-1884,0000-0002-9348-9284,MIMIC-IV v2.0,https://athena.ohdsi.org/,11/30/2021,,No Iv Form,1279
225151,Eptifibatide (Integrilin),Continuous Med,mg,35603861,eptifibatide Injection [Integrilin],Drug,RxNorm,Branded Drug Form,S,1736471,0000-0001-8822-1884,0000-0002-9348-9284,MIMIC-IV v2.0,https://athena.ohdsi.org/,11/30/2021,,,1217
221555,Cisatracurium,Drug Push,mg,35605392,cisatracurium Injection,Drug,RxNorm,Clinical Drug Form,S,1730193,0000-0001-8822-1884,0000-0002-9348-9284,MIMIC-IV v2.0,https://athena.ohdsi.org/,11/30/2021,,,1189
225850,Cefazolin,Drug Push,grams,46287337,cefazolin Injection,Drug,RxNorm,Clinical Drug Form,S,1665049,0000-0001-8822-1884,0000-0002-9348-9284,MIMIC-IV v2.0,https://athena.ohdsi.org/,11/30/2021,,,1163
225945,Lidocaine,Continuous Med,mg,35604127,lidocaine Injection,Drug,RxNorm,Clinical Drug Form,S,1737342,0000-0001-8822-1884,0000-0002-9348-9284,MIMIC-IV v2.0,https://athena.ohdsi.org/,11/30/2021,,,1124
225883,Meropenem,Drug Push,mg,35606000,meropenem Injection,Drug,RxNorm,Clinical Drug Form,S,1722933,0000-0001-8822-1884,0000-0002-9348-9284,MIMIC-IV v2.0,https://athena.ohdsi.org/,11/30/2021,,,1040
229057,Acetylcysteine,Continuous Med,mg,35606334,acetylcysteine Injection,Drug,RxNorm,Clinical Drug Form,S,1742774,0000-0001-8822-1884,0000-0002-9348-9284,MIMIC-IV v2.0,https://athena.ohdsi.org/,11/30/2021,,,1030
229233,Rocuronium,Drug Push,mg,40080661,rocuronium Injectable Solution,Drug,RxNorm,Clinical Drug Form,S,375623,0000-0001-8822-1884,0000-0002-9348-9284,MIMIC-IV v2.0,https://athena.ohdsi.org/,11/30/2021,,,1022
229069,Digoxin (Lanoxin),Drug Push,mg,35606376,digoxin Injection [Lanoxin],Drug,RxNorm,Branded Drug Form,S,1743560,0000-0001-8822-1884,0000-0002-9348-9284,MIMIC-IV v2.0,https://athena.ohdsi.org/,11/30/2021,,,1010
225845,Azithromycin,Non Iv Meds,mg,40013066,azithromycin Oral Suspension,Drug,RxNorm,Clinical Drug Form,S,370975,0000-0001-8822-1884,0000-0002-9348-9284,MIMIC-IV v2.0,https://athena.ohdsi.org/,11/30/2021,,,990
225798,Vancomycin,Drug Push,grams,40221349,vancomycin Injection,Drug,RxNorm,Clinical Drug Form,S,1807507,0000-0001-8822-1884,0000-0002-9348-9284,MIMIC-IV v2.0,https://athena.ohdsi.org/,11/30/2021,,,970
229299,Insulin - Novolog,Drug Push,units,40051316,"insulin aspart, human Injectable Solution [NovoLog]",Drug,RxNorm,Branded Drug Form,S,363534,0000-0001-8822-1884,0000-0002-9348-9284,MIMIC-IV v2.0,https://athena.ohdsi.org/,11/30/2021,,,947
225156,Pentobarbital,Continuous Med,mg,40067571,pentobarbital Injectable Solution,Drug,RxNorm,Clinical Drug Form,S,373282,0000-0001-8822-1884,0000-0002-9348-9284,MIMIC-IV v2.0,https://athena.ohdsi.org/,11/30/2021,,,826
225838,Ambisome,Drug Push,dose,37499293,amphotericin B Injection [AmBisome],Drug,RxNorm,Branded Drug Form,S,2285809,0000-0001-8822-1884,0000-0002-9348-9284,MIMIC-IV v2.0,https://athena.ohdsi.org/,11/30/2021,,,823
223257,Insulin - 70/30,Drug Push,units,40051377,"insulin isophane / insulin, regular, human Injectable Suspension",Drug,RxNorm,Clinical Drug Form,S,378857,0000-0001-8822-1884,0000-0002-9348-9284,MIMIC-IV v2.0,https://athena.ohdsi.org/,11/30/2021,,,799
225879,Levofloxacin,Non Iv Meds,dose,40001159,levofloxacin Oral Solution,Drug,RxNorm,Clinical Drug Form,S,477392,0000-0001-8822-1884,0000-0002-9348-9284,MIMIC-IV v2.0,https://athena.ohdsi.org/,11/30/2021,,,744
221319,Alteplase (TPA),Continuous Med,mg,40220959,alteplase Injection,Drug,RxNorm,Clinical Drug Form,S,1804798,0000-0001-8822-1884,0000-0002-9348-9284,MIMIC-IV v2.0,https://athena.ohdsi.org/,11/30/2021,,,737
225866,Erythromycin,Drug Push,dose,35603399,erythromycin Injection,Drug,RxNorm,Clinical Drug Form,S,1668263,0000-0001-8822-1884,0000-0002-9348-9284,MIMIC-IV v2.0,https://athena.ohdsi.org/,11/30/2021,,,724
227528,ACD-A Citrate (500ml),Continuous IV,ml,43531812,Citric Acid 0.038 MEQ/ML / Glucose 24.5 MG/ML / sodium citrate 0.0748 MEQ/ML Injectable Solution,Drug,RxNorm,Clinical Drug,S,1425457,0000-0001-8822-1884,0000-0002-9348-9284,MIMIC-IV v2.0,https://athena.ohdsi.org/,11/30/2021,,Deprecated RxNorm Code,683
225873,Gancyclovir,Drug Push,dose,35605861,ganciclovir Injection,Drug,RxNorm,Clinical Drug Form,S,1732140,0000-0001-8822-1884,0000-0002-9348-9284,MIMIC-IV v2.0,https://athena.ohdsi.org/,11/30/2021,,,646
229618,Calcium Chloride,Continuous Med,grams,1593790,calcium chloride Injection,Drug,RxNorm,Clinical Drug Form,S,1867735,0000-0001-8822-1884,0000-0002-9348-9284,MIMIC-IV v2.0,https://athena.ohdsi.org/,11/30/2021,,,608
222062,Vecuronium,Drug Push,mg,37498071,vecuronium Injection,Drug,RxNorm,Clinical Drug Form,S,2266538,0000-0001-8822-1884,0000-0002-9348-9284,MIMIC-IV v2.0,https://athena.ohdsi.org/,11/30/2021,,,596
225910,Pantoprazole (Protonix),Drug Push,mg,35604332,pantoprazole Injection [Protonix],Drug,RxNorm,Branded Drug Form,S,1737589,0000-0001-8822-1884,0000-0002-9348-9284,MIMIC-IV v2.0,https://athena.ohdsi.org/,11/30/2021,,,589
221393,Atropine,Drug Push,mg,46287614,atropine Injection,Drug,RxNorm,Clinical Drug Form,S,1666780,0000-0001-8822-1884,0000-0002-9348-9284,MIMIC-IV v2.0,https://athena.ohdsi.org/,11/30/2021,,,489
225907,Famotidine (Pepcid),Drug Push,mg,40036961,famotidine Injectable Solution [Pepcid],Drug,RxNorm,Branded Drug Form,S,362696,0000-0001-8822-1884,0000-0002-9348-9284,MIMIC-IV v2.0,https://athena.ohdsi.org/,11/30/2021,,,488
225869,Fluconazole,Non Iv Meds,dose,40147994,fluconazole Oral Solution,Drug,RxNorm,Clinical Drug Form,S,757207,0000-0001-8822-1884,0000-0002-9348-9284,MIMIC-IV v2.0,https://athena.ohdsi.org/,11/30/2021,,,470
229068,Protamine sulfate,Drug Push,mg,36249933,protamine sulfate (USP) Injection,Drug,RxNorm,Clinical Drug Form,S,1796671,0000-0001-8822-1884,0000-0002-9348-9284,MIMIC-IV v2.0,https://athena.ohdsi.org/,11/30/2021,,,469
221282,Adenosine,Drug Push,mg,46234159,adenosine Injection,Drug,RxNorm,Clinical Drug Form,S,1654034,0000-0001-8822-1884,0000-0002-9348-9284,MIMIC-IV v2.0,https://athena.ohdsi.org/,11/30/2021,,,457
225945,Lidocaine,Drug Push,mg,35604127,lidocaine Injection,Drug,RxNorm,Clinical Drug Form,S,1737342,0000-0001-8822-1884,0000-0002-9348-9284,MIMIC-IV v2.0,https://athena.ohdsi.org/,11/30/2021,,,428
225853,Ceftazidime,Drug Push,grams,46275510,ceftazidime Injection,Drug,RxNorm,Clinical Drug Form,S,1659277,0000-0001-8822-1884,0000-0002-9348-9284,MIMIC-IV v2.0,https://athena.ohdsi.org/,11/30/2021,,,420
225855,Ceftriaxone,Drug Push,grams,46287316,ceftriaxone Injection,Drug,RxNorm,Clinical Drug Form,S,1664992,0000-0001-8822-1884,0000-0002-9348-9284,MIMIC-IV v2.0,https://athena.ohdsi.org/,11/30/2021,,,416
225905,Voriconazole,Non Iv Meds,dose,40100980,voriconazole Oral Suspension,Drug,RxNorm,Clinical Drug Form,S,477141,0000-0001-8822-1884,0000-0002-9348-9284,MIMIC-IV v2.0,https://athena.ohdsi.org/,11/30/2021,,,411
225913,Coumadin (Warfarin),Drug Push,mg,40093131,warfarin Injectable Solution [Coumadin],Drug,RxNorm,Branded Drug Form,S,92279,0000-0001-8822-1884,0000-0002-9348-9284,MIMIC-IV v2.0,https://athena.ohdsi.org/,11/30/2021,,,397
222021,Naloxone (Narcan),Continuous Med,mg,40063502,naloxone Injectable Solution [Narcan],Drug,RxNorm,Branded Drug Form,S,93418,0000-0001-8822-1884,0000-0002-9348-9284,MIMIC-IV v2.0,https://athena.ohdsi.org/,11/30/2021,,,380
225888,Nafcillin,Drug Push,grams,35605335,nafcillin Injection,Drug,RxNorm,Clinical Drug Form,S,1721457,0000-0001-8822-1884,0000-0002-9348-9284,MIMIC-IV v2.0,https://athena.ohdsi.org/,11/30/2021,,,361
229064,Tigecycline,Drug Push,dose,35603621,tigecycline Injection,Drug,RxNorm,Clinical Drug Form,S,1724329,0000-0001-8822-1884,0000-0002-9348-9284,MIMIC-IV v2.0,https://athena.ohdsi.org/,11/30/2021,,,361
225840,Amikacin,Drug Push,dose,35606018,amikacin Injection,Drug,RxNorm,Clinical Drug Form,S,1723155,0000-0001-8822-1884,0000-0002-9348-9284,MIMIC-IV v2.0,https://athena.ohdsi.org/,11/30/2021,,,361
223261,Insulin - Humalog 75/25,Drug Push,units,40143226,"insulin lispro / insulin lispro protamine, human Injectable Suspension [Humalog Mix]",Drug,RxNorm,Branded Drug Form,S,731280,0000-0001-8822-1884,0000-0002-9348-9284,MIMIC-IV v2.0,https://athena.ohdsi.org/,11/30/2021,,,359
225848,Caspofungin,Drug Push,dose,35606496,caspofungin Injection,Drug,RxNorm,Clinical Drug Form,S,1734691,0000-0001-8822-1884,0000-0002-9348-9284,MIMIC-IV v2.0,https://athena.ohdsi.org/,11/30/2021,,,329
225862,Colistin,Drug Push,dose,40241491,colistin Injectable Solution,Drug,RxNorm,Clinical Drug Form,S,1117521,0000-0001-8822-1884,0000-0002-9348-9284,MIMIC-IV v2.0,https://athena.ohdsi.org/,11/30/2021,,,329
229639,Bumetanide (Bumex),Drug Push,mg,40014780,bumetanide Injectable Solution [Bumex],Drug,RxNorm,Branded Drug Form,S,92041,0000-0001-8822-1884,0000-0002-9348-9284,MIMIC-IV v2.0,https://athena.ohdsi.org/,11/30/2021,,,318
225881,Linezolid,Non Iv Meds,dose,40123934,linezolid Oral Solution,Drug,RxNorm,Clinical Drug Form,S,562708,0000-0001-8822-1884,0000-0002-9348-9284,MIMIC-IV v2.0,https://athena.ohdsi.org/,11/30/2021,,,308
225898,Rifampin,Drug Push,dose,1593015,rifampin Injection,Drug,RxNorm,Clinical Drug Form,S,1863365,0000-0001-8822-1884,0000-0002-9348-9284,MIMIC-IV v2.0,https://athena.ohdsi.org/,11/30/2021,,,297
222021,Naloxone (Narcan),Drug Push,mg,40063502,naloxone Injectable Solution [Narcan],Drug,RxNorm,Branded Drug Form,S,93418,0000-0001-8822-1884,0000-0002-9348-9284,MIMIC-IV v2.0,https://athena.ohdsi.org/,11/30/2021,,,293
227689,Dilantin,Continuous Med,mg,35602774,phenytoin Injection,Drug,RxNorm,Clinical Drug Form,S,1670350,0000-0001-8822-1884,0000-0002-9348-9284,MIMIC-IV v2.0,https://athena.ohdsi.org/,11/30/2021,,No Branded Drug Form,291
229587,Ceftaroline,Drug Push,dose,35606420,ceftaroline fosamil Injection,Drug,RxNorm,Clinical Drug Form,S,1724078,0000-0001-8822-1884,0000-0002-9348-9284,MIMIC-IV v2.0,https://athena.ohdsi.org/,11/30/2021,,,273
222168,Propofol,Drug Push,mcg,40220385,propofol Injection,Drug,RxNorm,Clinical Drug Form,S,1808216,0000-0001-8822-1884,0000-0002-9348-9284,MIMIC-IV v2.0,https://athena.ohdsi.org/,11/30/2021,,,272
225843,Ampicillin/Sulbactam (Unasyn),Drug Push,grams,46275618,ampicillin / sulbactam Injection [Unasyn],Drug,RxNorm,Branded Drug Form,S,1659594,0000-0001-8822-1884,0000-0002-9348-9284,MIMIC-IV v2.0,https://athena.ohdsi.org/,11/30/2021,,,270
225908,Fondaparinux,Drug Push,dose,40141704,fondaparinux Prefilled Syringe,Drug,RxNorm,Clinical Drug Form,S,727559,0000-0001-8822-1884,0000-0002-9348-9284,MIMIC-IV v2.0,https://athena.ohdsi.org/,11/30/2021,,,268
225860,Clindamycin,Drug Push,mg,35604109,clindamycin Injection,Drug,RxNorm,Clinical Drug Form,S,1737230,0000-0001-8822-1884,0000-0002-9348-9284,MIMIC-IV v2.0,https://athena.ohdsi.org/,11/30/2021,,,256
225842,Ampicillin,Drug Push,grams,35605339,ampicillin Injection,Drug,RxNorm,Clinical Drug Form,S,1721470,0000-0001-8822-1884,0000-0002-9348-9284,MIMIC-IV v2.0,https://athena.ohdsi.org/,11/30/2021,,,245
221385,Lorazepam (Ativan),Continuous Med,mg,46287373,lorazepam Injection [Ativan],Drug,RxNorm,Branded Drug Form,S,1665189,0000-0001-8822-1884,0000-0002-9348-9284,MIMIC-IV v2.0,https://athena.ohdsi.org/,11/30/2021,,,233
225859,Ciprofloxacin,Drug Push,mg,46287381,ciprofloxacin Injection,Drug,RxNorm,Clinical Drug Form,S,1665209,0000-0001-8822-1884,0000-0002-9348-9284,MIMIC-IV v2.0,https://athena.ohdsi.org/,11/30/2021,,,231
229058,Aminocaproic acid (Amicar),Continuous Med,grams,40001911,6-aminocaproic acid Injectable Solution [Amicar],Drug,RxNorm,Branded Drug Form,S,363495,0000-0001-8822-1884,0000-0002-9348-9284,MIMIC-IV v2.0,https://athena.ohdsi.org/,11/30/2021,,,225
229618,Calcium Chloride,Drug Push,mg,1593790,calcium chloride Injection,Drug,RxNorm,Clinical Drug Form,S,1867735,0000-0001-8822-1884,0000-0002-9348-9284,MIMIC-IV v2.0,https://athena.ohdsi.org/,11/30/2021,,,208
225866,Erythromycin,Non Iv Meds,dose,40112580,erythromycin Oral Solution,Drug,RxNorm,Clinical Drug Form,S,562280,0000-0001-8822-1884,0000-0002-9348-9284,MIMIC-IV v2.0,https://athena.ohdsi.org/,11/30/2021,,,193
225157,Tirofiban (Aggrastat),Continuous Med,mg,35604303,tirofiban Injection [Aggrastat],Drug,RxNorm,Branded Drug Form,S,1737467,0000-0001-8822-1884,0000-0002-9348-9284,MIMIC-IV v2.0,https://athena.ohdsi.org/,11/30/2021,,,192
228003,Tamiflu,Non Iv Meds,dose,40126825,oseltamivir Oral Suspension [Tamiflu],Drug,RxNorm,Branded Drug Form,S,581625,0000-0001-8822-1884,0000-0002-9348-9284,MIMIC-IV v2.0,https://athena.ohdsi.org/,11/30/2021,,,181
225798,Vancomycin,Non Iv Meds,mg,40087256,vancomycin Oral Solution,Drug,RxNorm,Clinical Drug Form,S,374282,0000-0001-8822-1884,0000-0002-9348-9284,MIMIC-IV v2.0,https://athena.ohdsi.org/,11/30/2021,,,179
222062,Vecuronium,Continuous Med,mg,37498071,vecuronium Injection,Drug,RxNorm,Clinical Drug Form,S,2266538,0000-0001-8822-1884,0000-0002-9348-9284,MIMIC-IV v2.0,https://athena.ohdsi.org/,11/30/2021,,,179
229615,Esomeprazole (Nexium),Drug Push,dose,35604682,esomeprazole Injection [Nexium],Drug,RxNorm,Branded Drug Form,S,1728039,0000-0001-8822-1884,0000-0002-9348-9284,MIMIC-IV v2.0,https://athena.ohdsi.org/,11/30/2021,,,178
225883,Meropenem,Drug Push,grams,35606000,meropenem Injection,Drug,RxNorm,Clinical Drug Form,S,1722933,0000-0001-8822-1884,0000-0002-9348-9284,MIMIC-IV v2.0,https://athena.ohdsi.org/,11/30/2021,,,174
227691,Keflex,Non Iv Meds,dose,40021312,cephalexin Oral Suspension [Keflex],Drug,RxNorm,Branded Drug Form,S,365892,0000-0001-8822-1884,0000-0002-9348-9284,MIMIC-IV v2.0,https://athena.ohdsi.org/,11/30/2021,,,171
222151,Procainamide,Continuous Med,mg,40074327,procainamide Injectable Solution,Drug,RxNorm,Clinical Drug Form,S,373597,0000-0001-8822-1884,0000-0002-9348-9284,MIMIC-IV v2.0,https://athena.ohdsi.org/,11/30/2021,,,170
225837,Acyclovir,Drug Push,mg,35606520,acyclovir Injection,Drug,RxNorm,Clinical Drug Form,S,1734931,0000-0001-8822-1884,0000-0002-9348-9284,MIMIC-IV v2.0,https://athena.ohdsi.org/,11/30/2021,,,169
227692,Isuprel,Continuous Med,mg,35603336,isoproterenol Injection [Isuprel],Drug,RxNorm,Branded Drug Form,S,1667910,0000-0001-8822-1884,0000-0002-9348-9284,MIMIC-IV v2.0,https://athena.ohdsi.org/,11/30/2021,,,156
227690,Fosphenytoin,Continuous Med,mg,35602746,fosphenytoin Injection,Drug,RxNorm,Clinical Drug Form,S,1670194,0000-0001-8822-1884,0000-0002-9348-9284,MIMIC-IV v2.0,https://athena.ohdsi.org/,11/30/2021,,,148
225860,Clindamycin,Non Iv Meds,dose,40108857,clindamycin Oral Solution,Drug,RxNorm,Clinical Drug Form,S,562265,0000-0001-8822-1884,0000-0002-9348-9284,MIMIC-IV v2.0,https://athena.ohdsi.org/,11/30/2021,,,147
229760,Epoprostenol (Veletri),Continuous Med,mg,42629311,epoprostenol Injection [Veletri],Drug,RxNorm,Branded Drug Form,S,1789866,0000-0001-8822-1884,0000-0002-9348-9284,MIMIC-IV v2.0,https://athena.ohdsi.org/,11/30/2021,,,147
229069,Digoxin (Lanoxin),Drug Push,mcg,35606376,digoxin Injection [Lanoxin],Drug,RxNorm,Branded Drug Form,S,1743560,0000-0001-8822-1884,0000-0002-9348-9284,MIMIC-IV v2.0,https://athena.ohdsi.org/,11/30/2021,,,146
225844,Atovaquone,Non Iv Meds,dose,40095265,atovaquone Oral Suspension,Drug,RxNorm,Clinical Drug Form,S,370622,0000-0001-8822-1884,0000-0002-9348-9284,MIMIC-IV v2.0,https://athena.ohdsi.org/,11/30/2021,,,136
229617,Epinephrine.,Drug Push,mg,46275915,epinephrine Injection,Drug,RxNorm,Clinical Drug Form,S,1660013,0000-0001-8822-1884,0000-0002-9348-9284,MIMIC-IV v2.0,https://athena.ohdsi.org/,11/30/2021,,,134
229618,Calcium Chloride,Drug Push,grams,1593790,calcium chloride Injection,Drug,RxNorm,Clinical Drug Form,S,1867735,0000-0001-8822-1884,0000-0002-9348-9284,MIMIC-IV v2.0,https://athena.ohdsi.org/,11/30/2021,,,134
229764,Angiotensin II (Giapreza),Continuous Med,mg,963895,angiotensin II Injection [Giapreza],Drug,RxNorm,Branded Drug Form,S,1999010,0000-0001-8822-1884,0000-0002-9348-9284,MIMIC-IV v2.0,https://athena.ohdsi.org/,11/30/2021,,,133
227524,Magnesium Sulfate (OB-GYN),Continuous Med,grams,46275855,magnesium sulfate Injection,Drug,RxNorm,Clinical Drug Form,S,1656665,0000-0001-8822-1884,0000-0002-9348-9284,MIMIC-IV v2.0,https://athena.ohdsi.org/,11/30/2021,,,133
229066,Treprostinil (Remodulin),Continuous Med,mg,40090705,treprostinil Injectable Solution [Remodulin],Drug,RxNorm,Branded Drug Form,S,402707,0000-0001-8822-1884,0000-0002-9348-9284,MIMIC-IV v2.0,https://athena.ohdsi.org/,11/30/2021,,,133
225898,Rifampin,Non Iv Meds,dose,40079870,rifampin Oral Solution,Drug,RxNorm,Clinical Drug Form,S,451284,0000-0001-8822-1884,0000-0002-9348-9284,MIMIC-IV v2.0,https://athena.ohdsi.org/,11/30/2021,,,124
225869,Fluconazole,Drug Push,mg,35605308,fluconazole Injection,Drug,RxNorm,Clinical Drug Form,S,1721309,0000-0001-8822-1884,0000-0002-9348-9284,MIMIC-IV v2.0,https://athena.ohdsi.org/,11/30/2021,,,119
225881,Linezolid,Drug Push,mg,46276318,linezolid Injection,Drug,RxNorm,Clinical Drug Form,S,1662277,0000-0001-8822-1884,0000-0002-9348-9284,MIMIC-IV v2.0,https://athena.ohdsi.org/,11/30/2021,,,115
222318,Verapamil,Drug Push,mg,46287341,verapamil Injection,Drug,RxNorm,Clinical Drug Form,S,1665056,0000-0001-8822-1884,0000-0002-9348-9284,MIMIC-IV v2.0,https://athena.ohdsi.org/,11/30/2021,,,104
229709,Angiotensin II (Giapreza),Continuous Med,mg,963895,angiotensin II Injection [Giapreza],Drug,RxNorm,Branded Drug Form,S,1999010,0000-0001-8822-1884,0000-0002-9348-9284,MIMIC-IV v2.0,https://athena.ohdsi.org/,11/30/2021,,,103
221689,Drotrecogin (Xigris),Continuous Med,mg,40058299,drotrecogin alfa Injectable Solution [Xigris],Drug,RxNorm,Branded Drug Form,S,363567,0000-0001-8822-1884,0000-0002-9348-9284,MIMIC-IV v2.0,https://athena.ohdsi.org/,11/30/2021,,,102
225885,Micafungin,Drug Push,mg,35606010,micafungin Injection,Drug,RxNorm,Clinical Drug Form,S,1722943,0000-0001-8822-1884,0000-0002-9348-9284,MIMIC-IV v2.0,https://athena.ohdsi.org/,11/30/2021,,,102
225903,Valgancyclovir,Non Iv Meds,dose,40166694,valganciclovir Oral Solution,Drug,RxNorm,Clinical Drug Form,S,863558,0000-0001-8822-1884,0000-0002-9348-9284,MIMIC-IV v2.0,https://athena.ohdsi.org/,11/30/2021,,,96
225871,Foscarnet,Drug Push,dose,35606300,foscarnet Injection,Drug,RxNorm,Clinical Drug Form,S,1734376,0000-0001-8822-1884,0000-0002-9348-9284,MIMIC-IV v2.0,https://athena.ohdsi.org/,11/30/2021,,,95
225879,Levofloxacin,Drug Push,mg,46287433,levofloxacin Injection,Drug,RxNorm,Clinical Drug Form,S,1665494,0000-0001-8822-1884,0000-0002-9348-9284,MIMIC-IV v2.0,https://athena.ohdsi.org/,11/30/2021,,,95
225893,Piperacillin/Tazobactam (Zosyn),Drug Push,grams,46275429,piperacillin / tazobactam Injection [Zosyn],Drug,RxNorm,Branded Drug Form,S,1659133,0000-0001-8822-1884,0000-0002-9348-9284,MIMIC-IV v2.0,https://athena.ohdsi.org/,11/30/2021,,,93
227520,Methadone Hydrochloride,Continuous Med,mg,40063779,methadone Injectable Solution,Drug,RxNorm,Clinical Drug Form,S,372807,0000-0001-8822-1884,0000-0002-9348-9284,MIMIC-IV v2.0,https://athena.ohdsi.org/,11/30/2021,,,92
229618,Calcium Chloride,Continuous Med,mg,1593790,calcium chloride Injection,Drug,RxNorm,Clinical Drug Form,S,1867735,0000-0001-8822-1884,0000-0002-9348-9284,MIMIC-IV v2.0,https://athena.ohdsi.org/,11/30/2021,,,91
225875,Gentamicin,Drug Push,mg,1594391,gentamicin Injection,Drug,RxNorm,Clinical Drug Form,S,1870244,0000-0001-8822-1884,0000-0002-9348-9284,MIMIC-IV v2.0,https://athena.ohdsi.org/,11/30/2021,,,90
225152,Heparin Sodium,Continuous IV,units,1718457,heparin Injection,Drug,RxNorm,Clinical Drug Form,S,1857598,0000-0001-8822-1884,0000-0002-9348-9284,MIMIC-IV v2.0,https://athena.ohdsi.org/,11/30/2021,,,87
225942,Fentanyl (Concentrate),Continuous Med,mcg,35603427,fentanyl Injection,Drug,RxNorm,Clinical Drug Form,S,1735002,0000-0001-8822-1884,0000-0002-9348-9284,MIMIC-IV v2.0,https://athena.ohdsi.org/,11/30/2021,,,83
225893,Piperacillin/Tazobactam (Zosyn),Drug Push,mg,46275429,piperacillin / tazobactam Injection [Zosyn],Drug,RxNorm,Branded Drug Form,S,1659133,0000-0001-8822-1884,0000-0002-9348-9284,MIMIC-IV v2.0,https://athena.ohdsi.org/,11/30/2021,,,83
225845,Azithromycin,Drug Push,mg,35603388,azithromycin Injection,Drug,RxNorm,Clinical Drug Form,S,1668237,0000-0001-8822-1884,0000-0002-9348-9284,MIMIC-IV v2.0,https://athena.ohdsi.org/,11/30/2021,,,82
225899,Bactrim (SMX/TMP),Drug Push,mg,40081376,sulfamethoxazole / trimethoprim Injectable Solution [Bactrim],Drug,RxNorm,Branded Drug Form,S,403106,0000-0001-8822-1884,0000-0002-9348-9284,MIMIC-IV v2.0,https://athena.ohdsi.org/,11/30/2021,,,74
229058,Aminocaproic acid (Amicar),Continuous Med,mg,40001911,6-aminocaproic acid Injectable Solution [Amicar],Drug,RxNorm,Branded Drug Form,S,363495,0000-0001-8822-1884,0000-0002-9348-9284,MIMIC-IV v2.0,https://athena.ohdsi.org/,11/30/2021,,,64
225851,Cefepime,Drug Push,mg,46287348,cefepime Injection,Drug,RxNorm,Clinical Drug Form,S,1665087,0000-0001-8822-1884,0000-0002-9348-9284,MIMIC-IV v2.0,https://athena.ohdsi.org/,11/30/2021,,,60
225906,Enoxaparin (Lovenox),Drug Push,mg,40042753,enoxaparin Injectable Solution [Lovenox],Drug,RxNorm,Branded Drug Form,S,362788,0000-0001-8822-1884,0000-0002-9348-9284,MIMIC-IV v2.0,https://athena.ohdsi.org/,11/30/2021,,,59
222037,Nesiritide,Continuous Med,mg,35604555,nesiritide Injection,Drug,RxNorm,Clinical Drug Form,S,1738341,0000-0001-8822-1884,0000-0002-9348-9284,MIMIC-IV v2.0,https://athena.ohdsi.org/,11/30/2021,,,58
229062,Mycophenolate mofetil (Cellcept),Continuous Med,mg,35604047,mycophenolate mofetil Injection [Cellcept],Drug,RxNorm,Branded Drug Form,S,1726179,0000-0001-8822-1884,0000-0002-9348-9284,MIMIC-IV v2.0,https://athena.ohdsi.org/,11/30/2021,,,50
225167,Hydrochloric Acid - HCL,Continuous IV,mEq,40044812,hydrochloric acid Injectable Solution,Drug,RxNorm,Clinical Drug Form,S,370634,0000-0001-8822-1884,0000-0002-9348-9284,MIMIC-IV v2.0,https://athena.ohdsi.org/,11/30/2021,,,49
227534,Cyclosporine,Continuous Med,mg,35606027,cyclosporine Injection,Drug,RxNorm,Clinical Drug Form,S,1732364,0000-0001-8822-1884,0000-0002-9348-9284,MIMIC-IV v2.0,https://athena.ohdsi.org/,11/30/2021,,,45
228316,Levetiracetam (Keppra),Continuous Med,dose,42629457,levetiracetam Injection [Keppra],Drug,RxNorm,Branded Drug Form,S,1790332,0000-0001-8822-1884,0000-0002-9348-9284,MIMIC-IV v2.0,https://athena.ohdsi.org/,11/30/2021,,,41
228315,Acetaminophen-IV,Drug Push,grams,40220874,acetaminophen Injection,Drug,RxNorm,Clinical Drug Form,S,1803956,0000-0001-8822-1884,0000-0002-9348-9284,MIMIC-IV v2.0,https://athena.ohdsi.org/,11/30/2021,,,41
225859,Ciprofloxacin,Non Iv Meds,mg,40028723,ciprofloxacin Oral Suspension,Drug,RxNorm,Clinical Drug Form,S,371524,0000-0001-8822-1884,0000-0002-9348-9284,MIMIC-IV v2.0,https://athena.ohdsi.org/,11/30/2021,,,35
225884,Metronidazole,Non Iv Meds,mg,40062621,metronidazole Oral Suspension,Drug,RxNorm,Clinical Drug Form,S,372893,0000-0001-8822-1884,0000-0002-9348-9284,MIMIC-IV v2.0,https://athena.ohdsi.org/,11/30/2021,,,35
225863,Daptomycin,Drug Push,mg,35605612,daptomycin Injection,Drug,RxNorm,Clinical Drug Form,S,1731096,0000-0001-8822-1884,0000-0002-9348-9284,MIMIC-IV v2.0,https://athena.ohdsi.org/,11/30/2021,,,35
221744,Fentanyl,Continuous Med,mcg,35603427,fentanyl Injection,Drug,RxNorm,Clinical Drug Form,S,1735002,0000-0001-8822-1884,0000-0002-9348-9284,MIMIC-IV v2.0,https://athena.ohdsi.org/,11/30/2021,,,34
229061,Ertapenem sodium (Invanz),Drug Push,dose,35606490,ertapenem Injection [Invanz],Drug,RxNorm,Branded Drug Form,S,1734685,0000-0001-8822-1884,0000-0002-9348-9284,MIMIC-IV v2.0,https://athena.ohdsi.org/,11/30/2021,,,33
225866,Erythromycin,Non Iv Meds,mg,40112580,erythromycin Oral Solution,Drug,RxNorm,Clinical Drug Form,S,562280,0000-0001-8822-1884,0000-0002-9348-9284,MIMIC-IV v2.0,https://athena.ohdsi.org/,11/30/2021,,,32
225837,Acyclovir,Non Iv Meds,mg,40145265,acyclovir Oral Solution,Drug,RxNorm,Clinical Drug Form,S,757149,0000-0001-8822-1884,0000-0002-9348-9284,MIMIC-IV v2.0,https://athena.ohdsi.org/,11/30/2021,,,31
225850,Cefazolin,Drug Push,mg,46287337,cefazolin Injection,Drug,RxNorm,Clinical Drug Form,S,1665049,0000-0001-8822-1884,0000-0002-9348-9284,MIMIC-IV v2.0,https://athena.ohdsi.org/,11/30/2021,,,31
225833,Thiamine,Continuous IV,dose,40091031,thiamine Injectable Solution,Drug,RxNorm,Clinical Drug Form,S,370492,0000-0001-8822-1884,0000-0002-9348-9284,MIMIC-IV v2.0,https://athena.ohdsi.org/,11/30/2021,,,31
225911,Ranitidine (Prophylaxis),Drug Push,mg,1718654,ranitidine Injection,Drug,RxNorm,Clinical Drug Form,S,1859541,0000-0001-8822-1884,0000-0002-9348-9284,MIMIC-IV v2.0,https://athena.ohdsi.org/,11/30/2021,,,28
225847,Aztreonam,Drug Push,mg,46287306,aztreonam Injection,Drug,RxNorm,Clinical Drug Form,S,1664980,0000-0001-8822-1884,0000-0002-9348-9284,MIMIC-IV v2.0,https://athena.ohdsi.org/,11/30/2021,,,27
222021,Naloxone (Narcan),Drug Push,mcg,40063502,naloxone Injectable Solution [Narcan],Drug,RxNorm,Branded Drug Form,S,93418,0000-0001-8822-1884,0000-0002-9348-9284,MIMIC-IV v2.0,https://athena.ohdsi.org/,11/30/2021,,,26
225896,Quinine,Non Iv Meds,dose,40076683,quinine Oral Tablet,Drug,RxNorm,Clinical Drug Form,S,373742,0000-0001-8822-1884,0000-0002-9348-9284,MIMIC-IV v2.0,https://athena.ohdsi.org/,11/30/2021,,Non Iv = Oral Tablet?,24
229781,Bivalirudin (Angiomax) (Impella),Continuous Med,mg,46275132,bivalirudin Injection [Angiomax],Drug,RxNorm,Branded Drug Form,S,1657994,0000-0001-8822-1884,0000-0002-9348-9284,MIMIC-IV v2.0,https://athena.ohdsi.org/,11/30/2021,,,24
225902,Tobramycin,Drug Push,mg,35605484,tobramycin Injection,Drug,RxNorm,Clinical Drug Form,S,1740474,0000-0001-8822-1884,0000-0002-9348-9284,MIMIC-IV v2.0,https://athena.ohdsi.org/,11/30/2021,,,24
225879,Levofloxacin,Non Iv Meds,mg,40001159,levofloxacin Oral Solution,Drug,RxNorm,Clinical Drug Form,S,477392,0000-0001-8822-1884,0000-0002-9348-9284,MIMIC-IV v2.0,https://athena.ohdsi.org/,11/30/2021,,,22
225865,Doxycycline,Drug Push,mg,46233979,doxycycline Injection,Drug,RxNorm,Clinical Drug Form,S,1652652,0000-0001-8822-1884,0000-0002-9348-9284,MIMIC-IV v2.0,https://athena.ohdsi.org/,11/30/2021,,,22
225866,Erythromycin,Drug Push,mg,35603399,erythromycin Injection,Drug,RxNorm,Clinical Drug Form,S,1668263,0000-0001-8822-1884,0000-0002-9348-9284,MIMIC-IV v2.0,https://athena.ohdsi.org/,11/30/2021,,,22
229619,Insulin - U500,Drug Push,units,40052771,"insulin, regular, human Injectable Solution [Humulin R]",Drug,RxNorm,Branded Drug Form,S,362622,0000-0001-8822-1884,0000-0002-9348-9284,MIMIC-IV v2.0,https://athena.ohdsi.org/,11/30/2021,,,21
225905,Voriconazole,Non Iv Meds,mg,40100980,voriconazole Oral Suspension,Drug,RxNorm,Clinical Drug Form,S,477141,0000-0001-8822-1884,0000-0002-9348-9284,MIMIC-IV v2.0,https://athena.ohdsi.org/,11/30/2021,,,20
221342,Aminophylline,Continuous Med,mg,35603807,aminophylline Injection,Drug,RxNorm,Clinical Drug Form,S,1724665,0000-0001-8822-1884,0000-0002-9348-9284,MIMIC-IV v2.0,https://athena.ohdsi.org/,11/30/2021,,,20
227690,Fosphenytoin,Drug Push,dose,35602746,fosphenytoin Injection,Drug,RxNorm,Clinical Drug Form,S,1670194,0000-0001-8822-1884,0000-0002-9348-9284,MIMIC-IV v2.0,https://athena.ohdsi.org/,11/30/2021,,,20
225892,Piperacillin,Drug Push,grams,40077149,piperacillin Injectable Solution,Drug,RxNorm,Clinical Drug Form,S,373467,0000-0001-8822-1884,0000-0002-9348-9284,MIMIC-IV v2.0,https://athena.ohdsi.org/,11/30/2021,,,18
221892,Lepirudin,Continuous Med,mg,40058579,lepirudin Injectable Solution,Drug,RxNorm,Clinical Drug Form,S,376893,0000-0001-8822-1884,0000-0002-9348-9284,MIMIC-IV v2.0,https://athena.ohdsi.org/,11/30/2021,,,17
229069,Digoxin (Lanoxin),Drug Push,dose,35606376,digoxin Injection [Lanoxin],Drug,RxNorm,Branded Drug Form,S,1743560,0000-0001-8822-1884,0000-0002-9348-9284,MIMIC-IV v2.0,https://athena.ohdsi.org/,11/30/2021,,,17
229861,Sodium Acetate.,Continuous IV,mEq,1718645,sodium acetate Injection,Drug,RxNorm,Clinical Drug Form,S,1859489,0000-0001-8822-1884,0000-0002-9348-9284,MIMIC-IV v2.0,https://athena.ohdsi.org/,11/30/2021,,,17
225899,Bactrim (SMX/TMP),Non Iv Meds,mg,40160705,sulfamethoxazole / trimethoprim Oral Suspension [Bactrim],Drug,RxNorm,Branded Drug Form,S,849571,0000-0001-8822-1884,0000-0002-9348-9284,MIMIC-IV v2.0,https://athena.ohdsi.org/,11/30/2021,,,16
225873,Gancyclovir,Drug Push,mg,35605861,ganciclovir Injection,Drug,RxNorm,Clinical Drug Form,S,1732140,0000-0001-8822-1884,0000-0002-9348-9284,MIMIC-IV v2.0,https://athena.ohdsi.org/,11/30/2021,,,16
227694,Omeprazole (Prilosec),Drug Push,mg,40069724,omeprazole Injectable Solution,Drug,RxNorm,Clinical Drug Form,S,375193,0000-0001-8822-1884,0000-0002-9348-9284,MIMIC-IV v2.0,https://athena.ohdsi.org/,11/30/2021,,No Branded Drug Form,16
225877,Isoniazid,Non Iv Meds,dose,40050638,isoniazid Oral Solution,Drug,RxNorm,Clinical Drug Form,S,379262,0000-0001-8822-1884,0000-0002-9348-9284,MIMIC-IV v2.0,https://athena.ohdsi.org/,11/30/2021,,,15
225975,Heparin Sodium (Prophylaxis),Drug Push,mg,1718457,heparin Injection,Drug,RxNorm,Clinical Drug Form,S,1857598,0000-0001-8822-1884,0000-0002-9348-9284,MIMIC-IV v2.0,https://athena.ohdsi.org/,11/30/2021,,,15
225895,Pyrazinamide,Non Iv Meds,dose,40075134,pyrazinamide Oral Suspension,Drug,RxNorm,Clinical Drug Form,S,451229,0000-0001-8822-1884,0000-0002-9348-9284,MIMIC-IV v2.0,https://athena.ohdsi.org/,11/30/2021,,,14
225845,Azithromycin,Non Iv Meds,dose,40013066,azithromycin Oral Suspension,Drug,RxNorm,Clinical Drug Form,S,370975,0000-0001-8822-1884,0000-0002-9348-9284,MIMIC-IV v2.0,https://athena.ohdsi.org/,11/30/2021,,,14
225847,Aztreonam,Drug Push,grams,46287306,aztreonam Injection,Drug,RxNorm,Clinical Drug Form,S,1664980,0000-0001-8822-1884,0000-0002-9348-9284,MIMIC-IV v2.0,https://athena.ohdsi.org/,11/30/2021,,,14
225855,Ceftriaxone,Drug Push,mg,46287316,ceftriaxone Injection,Drug,RxNorm,Clinical Drug Form,S,1664992,0000-0001-8822-1884,0000-0002-9348-9284,MIMIC-IV v2.0,https://athena.ohdsi.org/,11/30/2021,,,14
225892,Piperacillin,Drug Push,mg,40077149,piperacillin Injectable Solution,Drug,RxNorm,Clinical Drug Form,S,373467,0000-0001-8822-1884,0000-0002-9348-9284,MIMIC-IV v2.0,https://athena.ohdsi.org/,11/30/2021,,,14
225868,Ethambutol,Non Iv Meds,dose,40147904,ethambutol Oral Solution,Drug,RxNorm,Clinical Drug Form,S,757204,0000-0001-8822-1884,0000-0002-9348-9284,MIMIC-IV v2.0,https://athena.ohdsi.org/,11/30/2021,,,13
225890,Penicillin G potassium,Non Iv Meds,dose,40072614,penicillin G Oral Solution,Drug,RxNorm,Clinical Drug Form,S,373263,0000-0001-8822-1884,0000-0002-9348-9284,MIMIC-IV v2.0,https://athena.ohdsi.org/,11/30/2021,,,12
221289,Epinephrine,Continuous Med,mcg,46275915,epinephrine Injection,Drug,RxNorm,Clinical Drug Form,S,1660013,0000-0001-8822-1884,0000-0002-9348-9284,MIMIC-IV v2.0,https://athena.ohdsi.org/,11/30/2021,,,12
229587,Ceftaroline,Drug Push,mg,35606420,ceftaroline fosamil Injection,Drug,RxNorm,Clinical Drug Form,S,1724078,0000-0001-8822-1884,0000-0002-9348-9284,MIMIC-IV v2.0,https://athena.ohdsi.org/,11/30/2021,,,12
225886,Moxifloxacin,Non Iv Meds,dose,40057469,moxifloxacin Oral Tablet,Drug,RxNorm,Clinical Drug Form,S,374619,0000-0001-8822-1884,0000-0002-9348-9284,MIMIC-IV v2.0,https://athena.ohdsi.org/,11/30/2021,,Non Iv = Oral Tablet?,11
229617,Epinephrine.,Drug Push,mcg,46275915,epinephrine Injection,Drug,RxNorm,Clinical Drug Form,S,1660013,0000-0001-8822-1884,0000-0002-9348-9284,MIMIC-IV v2.0,https://athena.ohdsi.org/,11/30/2021,,,11
225886,Moxifloxacin,Drug Push,dose,46287377,moxifloxacin Injection,Drug,RxNorm,Clinical Drug Form,S,1665194,0000-0001-8822-1884,0000-0002-9348-9284,MIMIC-IV v2.0,https://athena.ohdsi.org/,11/30/2021,,,11
225905,Voriconazole,Drug Push,mg,35604631,voriconazole Injection,Drug,RxNorm,Clinical Drug Form,S,1727280,0000-0001-8822-1884,0000-0002-9348-9284,MIMIC-IV v2.0,https://athena.ohdsi.org/,11/30/2021,,,11
227691,Keflex,Non Iv Meds,mg,40021312,cephalexin Oral Suspension [Keflex],Drug,RxNorm,Branded Drug Form,S,365892,0000-0001-8822-1884,0000-0002-9348-9284,MIMIC-IV v2.0,https://athena.ohdsi.org/,11/30/2021,,,10
229063,Pamidronate,Drug Push,mg,35604142,pamidronate Injection,Drug,RxNorm,Clinical Drug Form,S,1737448,0000-0001-8822-1884,0000-0002-9348-9284,MIMIC-IV v2.0,https://athena.ohdsi.org/,11/30/2021,,,10
225842,Ampicillin,Drug Push,mg,35605339,ampicillin Injection,Drug,RxNorm,Clinical Drug Form,S,1721470,0000-0001-8822-1884,0000-0002-9348-9284,MIMIC-IV v2.0,https://athena.ohdsi.org/,11/30/2021,,,10
225869,Fluconazole,Non Iv Meds,mg,40147994,fluconazole Oral Solution,Drug,RxNorm,Clinical Drug Form,S,757207,0000-0001-8822-1884,0000-0002-9348-9284,MIMIC-IV v2.0,https://athena.ohdsi.org/,11/30/2021,,,9
225860,Clindamycin,Non Iv Meds,mg,40108857,clindamycin Oral Solution,Drug,RxNorm,Clinical Drug Form,S,562265,0000-0001-8822-1884,0000-0002-9348-9284,MIMIC-IV v2.0,https://athena.ohdsi.org/,11/30/2021,,,9
227525,Calcium Gluconate (CRRT),Continuous Med,mg,35603394,calcium gluconate Injection,Drug,RxNorm,Clinical Drug Form,S,1668247,0000-0001-8822-1884,0000-0002-9348-9284,MIMIC-IV v2.0,https://athena.ohdsi.org/,11/30/2021,,,9
228316,Levetiracetam (Keppra),Drug Push,dose,42629457,levetiracetam Injection [Keppra],Drug,RxNorm,Branded Drug Form,S,1790332,0000-0001-8822-1884,0000-0002-9348-9284,MIMIC-IV v2.0,https://athena.ohdsi.org/,11/30/2021,,,9
225876,Imipenem/Cilastatin,Drug Push,mg,35604058,cilastatin / imipenem Injection,Drug,RxNorm,Clinical Drug Form,S,1726203,0000-0001-8822-1884,0000-0002-9348-9284,MIMIC-IV v2.0,https://athena.ohdsi.org/,11/30/2021,,,9
225848,Caspofungin,Drug Push,mg,35606496,caspofungin Injection,Drug,RxNorm,Clinical Drug Form,S,1734691,0000-0001-8822-1884,0000-0002-9348-9284,MIMIC-IV v2.0,https://athena.ohdsi.org/,11/30/2021,,,9
225912,Carafate (Sucralfate),Drug Push,grams,40080152,sucralfate Oral Suspension [Carafate],Drug,RxNorm,Branded Drug Form,S,365868,0000-0001-8822-1884,0000-0002-9348-9284,MIMIC-IV v2.0,https://athena.ohdsi.org/,11/30/2021,,No Iv Form,9
225881,Linezolid,Non Iv Meds,mg,40123934,linezolid Oral Solution,Drug,RxNorm,Clinical Drug Form,S,562708,0000-0001-8822-1884,0000-0002-9348-9284,MIMIC-IV v2.0,https://athena.ohdsi.org/,11/30/2021,,,8
221261,Abciximab (Reopro),Continuous Med,mg,46275863,abciximab Injection [ReoPro],Drug,RxNorm,Branded Drug Form,S,1656685,0000-0001-8822-1884,0000-0002-9348-9284,MIMIC-IV v2.0,https://athena.ohdsi.org/,11/30/2021,,,8
225853,Ceftazidime,Drug Push,mg,46275510,ceftazidime Injection,Drug,RxNorm,Clinical Drug Form,S,1659277,0000-0001-8822-1884,0000-0002-9348-9284,MIMIC-IV v2.0,https://athena.ohdsi.org/,11/30/2021,,,8
225888,Nafcillin,Drug Push,mg,35605335,nafcillin Injection,Drug,RxNorm,Clinical Drug Form,S,1721457,0000-0001-8822-1884,0000-0002-9348-9284,MIMIC-IV v2.0,https://athena.ohdsi.org/,11/30/2021,,,8
229064,Tigecycline,Drug Push,mg,35603621,tigecycline Injection,Drug,RxNorm,Clinical Drug Form,S,1724329,0000-0001-8822-1884,0000-0002-9348-9284,MIMIC-IV v2.0,https://athena.ohdsi.org/,11/30/2021,,,8
228003,Tamiflu,Non Iv Meds,mg,40126825,oseltamivir Oral Suspension [Tamiflu],Drug,RxNorm,Branded Drug Form,S,581625,0000-0001-8822-1884,0000-0002-9348-9284,MIMIC-IV v2.0,https://athena.ohdsi.org/,11/30/2021,,,7
229615,Esomeprazole (Nexium),Drug Push,mg,35604682,esomeprazole Injection [Nexium],Drug,RxNorm,Branded Drug Form,S,1728039,0000-0001-8822-1884,0000-0002-9348-9284,MIMIC-IV v2.0,https://athena.ohdsi.org/,11/30/2021,,,7
221833,Hydromorphone (Dilaudid),Drug Push,mcg,35603598,hydromorphone Injection [Dilaudid],Drug,RxNorm,Branded Drug Form,S,1724273,0000-0001-8822-1884,0000-0002-9348-9284,MIMIC-IV v2.0,https://athena.ohdsi.org/,11/30/2021,,,7
225838,Ambisome,Drug Push,mg,37499293,amphotericin B Injection [AmBisome],Drug,RxNorm,Branded Drug Form,S,2285809,0000-0001-8822-1884,0000-0002-9348-9284,MIMIC-IV v2.0,https://athena.ohdsi.org/,11/30/2021,,,7
225844,Atovaquone,Non Iv Meds,mg,40095265,atovaquone Oral Suspension,Drug,RxNorm,Clinical Drug Form,S,370622,0000-0001-8822-1884,0000-0002-9348-9284,MIMIC-IV v2.0,https://athena.ohdsi.org/,11/30/2021,,,6
228315,Acetaminophen-IV,Drug Push,dose,40220874,acetaminophen Injection,Drug,RxNorm,Clinical Drug Form,S,1803956,0000-0001-8822-1884,0000-0002-9348-9284,MIMIC-IV v2.0,https://athena.ohdsi.org/,11/30/2021,,,6
225909,Lansoprazole (Prevacid),Drug Push,mg,40123804,lansoprazole Injectable Solution [Prevacid],Drug,RxNorm,Branded Drug Form,S,545785,0000-0001-8822-1884,0000-0002-9348-9284,MIMIC-IV v2.0,https://athena.ohdsi.org/,11/30/2021,,,6
227689,Dilantin,Drug Push,grams,35602774,phenytoin Injection,Drug,RxNorm,Clinical Drug Form,S,1670350,0000-0001-8822-1884,0000-0002-9348-9284,MIMIC-IV v2.0,https://athena.ohdsi.org/,11/30/2021,,No Branded Drug Form,6
225840,Amikacin,Drug Push,mg,35606018,amikacin Injection,Drug,RxNorm,Clinical Drug Form,S,1723155,0000-0001-8822-1884,0000-0002-9348-9284,MIMIC-IV v2.0,https://athena.ohdsi.org/,11/30/2021,,,6
228316,Levetiracetam (Keppra),Continuous Med,grams,42629457,levetiracetam Injection [Keppra],Drug,RxNorm,Branded Drug Form,S,1790332,0000-0001-8822-1884,0000-0002-9348-9284,MIMIC-IV v2.0,https://athena.ohdsi.org/,11/30/2021,,,5
227531,Mannitol,Continuous Med,mg,42628878,mannitol Injection,Drug,RxNorm,Clinical Drug Form,S,1791383,0000-0001-8822-1884,0000-0002-9348-9284,MIMIC-IV v2.0,https://athena.ohdsi.org/,11/30/2021,,,5
221429,Esmolol,Continuous Med,mcg,35603869,esmolol Injection,Drug,RxNorm,Clinical Drug Form,S,1736540,0000-0001-8822-1884,0000-0002-9348-9284,MIMIC-IV v2.0,https://athena.ohdsi.org/,11/30/2021,,,4
220995,Sodium Bicarbonate 8.4%,Continuous IV,/hour,1593967,sodium bicarbonate 84 MG/ML Injection,Drug,RxNorm,Clinical Drug,S,1868487,0000-0001-8822-1884,0000-0002-9348-9284,MIMIC-IV v2.0,https://athena.ohdsi.org/,11/30/2021,,,4
228316,Levetiracetam (Keppra),Drug Push,grams,42629457,levetiracetam Injection [Keppra],Drug,RxNorm,Branded Drug Form,S,1790332,0000-0001-8822-1884,0000-0002-9348-9284,MIMIC-IV v2.0,https://athena.ohdsi.org/,11/30/2021,,,3
225862,Colistin,Drug Push,mg,40241491,colistin Injectable Solution,Drug,RxNorm,Clinical Drug Form,S,1117521,0000-0001-8822-1884,0000-0002-9348-9284,MIMIC-IV v2.0,https://athena.ohdsi.org/,11/30/2021,,,3
225851,Cefepime,Drug Push,mcg,46287348,cefepime Injection,Drug,RxNorm,Clinical Drug Form,S,1665087,0000-0001-8822-1884,0000-0002-9348-9284,MIMIC-IV v2.0,https://athena.ohdsi.org/,11/30/2021,,,3
225832,Folic Acid,Continuous IV,dose,40131910,folic acid Injectable Solution,Drug,RxNorm,Clinical Drug Form,S,619047,0000-0001-8822-1884,0000-0002-9348-9284,MIMIC-IV v2.0,https://athena.ohdsi.org/,11/30/2021,,,3
229066,Treprostinil (Remodulin),Continuous Med,mcg,40090705,treprostinil Injectable Solution [Remodulin],Drug,RxNorm,Branded Drug Form,S,402707,0000-0001-8822-1884,0000-0002-9348-9284,MIMIC-IV v2.0,https://athena.ohdsi.org/,11/30/2021,,,2
222021,Naloxone (Narcan),Drug Push,dose,40063502,naloxone Injectable Solution [Narcan],Drug,RxNorm,Branded Drug Form,S,93418,0000-0001-8822-1884,0000-0002-9348-9284,MIMIC-IV v2.0,https://athena.ohdsi.org/,11/30/2021,,,2
221794,Furosemide (Lasix),Drug Push,dose,40040332,furosemide Injectable Solution [Lasix],Drug,RxNorm,Branded Drug Form,S,287524,0000-0001-8822-1884,0000-0002-9348-9284,MIMIC-IV v2.0,https://athena.ohdsi.org/,11/30/2021,,,2
225832,Folic Acid,Continuous IV,grams,40131910,folic acid Injectable Solution,Drug,RxNorm,Clinical Drug Form,S,619047,0000-0001-8822-1884,0000-0002-9348-9284,MIMIC-IV v2.0,https://athena.ohdsi.org/,11/30/2021,,,2
222011,Magnesium Sulfate,Continuous IV,dose,46275855,magnesium sulfate Injection,Drug,RxNorm,Clinical Drug Form,S,1656665,0000-0001-8822-1884,0000-0002-9348-9284,MIMIC-IV v2.0,https://athena.ohdsi.org/,11/30/2021,,,2
225837,Acyclovir,Non Iv Meds,grams,40145265,acyclovir Oral Solution,Drug,RxNorm,Clinical Drug Form,S,757149,0000-0001-8822-1884,0000-0002-9348-9284,MIMIC-IV v2.0,https://athena.ohdsi.org/,11/30/2021,,,2
221828,Hydralazine,Continuous Med,mg,1592857,hydralazine Injection,Drug,RxNorm,Clinical Drug Form,S,1863334,0000-0001-8822-1884,0000-0002-9348-9284,MIMIC-IV v2.0,https://athena.ohdsi.org/,11/30/2021,,,2
225798,Vancomycin,Drug Push,mcg,40221349,vancomycin Injection,Drug,RxNorm,Clinical Drug Form,S,1807507,0000-0001-8822-1884,0000-0002-9348-9284,MIMIC-IV v2.0,https://athena.ohdsi.org/,11/30/2021,,,2
225910,Pantoprazole (Protonix),Drug Push,mcg,35604332,pantoprazole Injection [Protonix],Drug,RxNorm,Branded Drug Form,S,1737589,0000-0001-8822-1884,0000-0002-9348-9284,MIMIC-IV v2.0,https://athena.ohdsi.org/,11/30/2021,,,2
225913,Coumadin (Warfarin),Drug Push,mcg,40093131,warfarin Injectable Solution [Coumadin],Drug,RxNorm,Branded Drug Form,S,92279,0000-0001-8822-1884,0000-0002-9348-9284,MIMIC-IV v2.0,https://athena.ohdsi.org/,11/30/2021,,,2
227690,Fosphenytoin,Drug Push,grams,35602746,fosphenytoin Injection,Drug,RxNorm,Clinical Drug Form,S,1670194,0000-0001-8822-1884,0000-0002-9348-9284,MIMIC-IV v2.0,https://athena.ohdsi.org/,11/30/2021,,,2
229618,Calcium Chloride,Drug Push,dose,1593790,calcium chloride Injection,Drug,RxNorm,Clinical Drug Form,S,1867735,0000-0001-8822-1884,0000-0002-9348-9284,MIMIC-IV v2.0,https://athena.ohdsi.org/,11/30/2021,,,2
225888,Nafcillin,Drug Push,mcg,35605335,nafcillin Injection,Drug,RxNorm,Clinical Drug Form,S,1721457,0000-0001-8822-1884,0000-0002-9348-9284,MIMIC-IV v2.0,https://athena.ohdsi.org/,11/30/2021,,,2
225907,Famotidine (Pepcid),Drug Push,grams,40036961,famotidine Injectable Solution [Pepcid],Drug,RxNorm,Branded Drug Form,S,362696,0000-0001-8822-1884,0000-0002-9348-9284,MIMIC-IV v2.0,https://athena.ohdsi.org/,11/30/2021,,,2
225837,Acyclovir,Non Iv Meds,mcg,40145265,acyclovir Oral Solution,Drug,RxNorm,Clinical Drug Form,S,757149,0000-0001-8822-1884,0000-0002-9348-9284,MIMIC-IV v2.0,https://athena.ohdsi.org/,11/30/2021,,,1
225153,Labetalol,Continuous Med,dose,739771,labetalol Injection,Drug,RxNorm,Clinical Drug Form,S,2477888,0000-0001-8822-1884,0000-0002-9348-9284,MIMIC-IV v2.0,https://athena.ohdsi.org/,11/30/2021,,,1
221555,Cisatracurium,Drug Push,mcg,35605392,cisatracurium Injection,Drug,RxNorm,Clinical Drug Form,S,1730193,0000-0001-8822-1884,0000-0002-9348-9284,MIMIC-IV v2.0,https://athena.ohdsi.org/,11/30/2021,,,1
225898,Rifampin,Drug Push,mg,1593015,rifampin Injection,Drug,RxNorm,Clinical Drug Form,S,1863365,0000-0001-8822-1884,0000-0002-9348-9284,MIMIC-IV v2.0,https://athena.ohdsi.org/,11/30/2021,,,1
221833,Hydromorphone (Dilaudid),Continuous Med,mcg,35603598,hydromorphone Injection [Dilaudid],Drug,RxNorm,Branded Drug Form,S,1724273,0000-0001-8822-1884,0000-0002-9348-9284,MIMIC-IV v2.0,https://athena.ohdsi.org/,11/30/2021,,,1
221468,Diltiazem,Drug Push,mcg,42629594,diltiazem Injection,Drug,RxNorm,Clinical Drug Form,S,1791228,0000-0001-8822-1884,0000-0002-9348-9284,MIMIC-IV v2.0,https://athena.ohdsi.org/,11/30/2021,,,1
229061,Ertapenem sodium (Invanz),Drug Push,grams,35606490,ertapenem Injection [Invanz],Drug,RxNorm,Branded Drug Form,S,1734685,0000-0001-8822-1884,0000-0002-9348-9284,MIMIC-IV v2.0,https://athena.ohdsi.org/,11/30/2021,,,1
225884,Metronidazole,Drug Push,mcg,1592855,metronidazole Injection,Drug,RxNorm,Clinical Drug Form,S,1863330,0000-0001-8822-1884,0000-0002-9348-9284,MIMIC-IV v2.0,https://athena.ohdsi.org/,11/30/2021,,,1
225906,Enoxaparin (Lovenox),Drug Push,mcg,40042753,enoxaparin Injectable Solution [Lovenox],Drug,RxNorm,Branded Drug Form,S,362788,0000-0001-8822-1884,0000-0002-9348-9284,MIMIC-IV v2.0,https://athena.ohdsi.org/,11/30/2021,,,1
222011,Magnesium Sulfate,Continuous IV,mg,46275855,magnesium sulfate Injection,Drug,RxNorm,Clinical Drug Form,S,1656665,0000-0001-8822-1884,0000-0002-9348-9284,MIMIC-IV v2.0,https://athena.ohdsi.org/,11/30/2021,,,1
225890,Penicillin G potassium,Non Iv Meds,mg,40072614,penicillin G Oral Solution,Drug,RxNorm,Clinical Drug Form,S,373263,0000-0001-8822-1884,0000-0002-9348-9284,MIMIC-IV v2.0,https://athena.ohdsi.org/,11/30/2021,,,1
225798,Vancomycin,Non Iv Meds,grams,40087256,vancomycin Oral Solution,Drug,RxNorm,Clinical Drug Form,S,374282,0000-0001-8822-1884,0000-0002-9348-9284,MIMIC-IV v2.0,https://athena.ohdsi.org/,11/30/2021,,,1
227536,KCl (CRRT),Continuous Med,ml/hr,1718692,potassium chloride Injection,Drug,RxNorm,Clinical Drug Form,S,1860131,0000-0001-8822-1884,0000-0002-9348-9284,MIMIC-IV v2.0,https://athena.ohdsi.org/,11/30/2021,,,1
225845,Azithromycin,Drug Push,grams,35603388,azithromycin Injection,Drug,RxNorm,Clinical Drug Form,S,1668237,0000-0001-8822-1884,0000-0002-9348-9284,MIMIC-IV v2.0,https://athena.ohdsi.org/,11/30/2021,,,1
225859,Ciprofloxacin,Drug Push,grams,46287381,ciprofloxacin Injection,Drug,RxNorm,Clinical Drug Form,S,1665209,0000-0001-8822-1884,0000-0002-9348-9284,MIMIC-IV v2.0,https://athena.ohdsi.org/,11/30/2021,,,1
225898,Rifampin,Non Iv Meds,mg,40079870,rifampin Oral Solution,Drug,RxNorm,Clinical Drug Form,S,451284,0000-0001-8822-1884,0000-0002-9348-9284,MIMIC-IV v2.0,https://athena.ohdsi.org/,11/30/2021,,,1
229616,Ondansetron (Zofran),Drug Push,grams,40070101,ondansetron Injectable Solution [Zofran],Drug,RxNorm,Branded Drug Form,S,94648,0000-0001-8822-1884,0000-0002-9348-9284,MIMIC-IV v2.0,https://athena.ohdsi.org/,11/30/2021,,,1
221833,Hydromorphone (Dilaudid),Drug Push,dose,35603598,hydromorphone Injection [Dilaudid],Drug,RxNorm,Branded Drug Form,S,1724273,0000-0001-8822-1884,0000-0002-9348-9284,MIMIC-IV v2.0,https://athena.ohdsi.org/,11/30/2021,,,1
225885,Micafungin,Drug Push,mcg,35606010,micafungin Injection,Drug,RxNorm,Clinical Drug Form,S,1722943,0000-0001-8822-1884,0000-0002-9348-9284,MIMIC-IV v2.0,https://athena.ohdsi.org/,11/30/2021,,,1
225886,Moxifloxacin,Drug Push,mg,46287377,moxifloxacin Injection,Drug,RxNorm,Clinical Drug Form,S,1665194,0000-0001-8822-1884,0000-0002-9348-9284,MIMIC-IV v2.0,https://athena.ohdsi.org/,11/30/2021,,,1
225884,Metronidazole,Drug Push,grams,1592855,metronidazole Injection,Drug,RxNorm,Clinical Drug Form,S,1863330,0000-0001-8822-1884,0000-0002-9348-9284,MIMIC-IV v2.0,https://athena.ohdsi.org/,11/30/2021,,,1
225166,Potassium Chloride,Continuous IV,nMol/ml/min,1718692,potassium chloride Injection,Drug,RxNorm,Clinical Drug Form,S,1860131,0000-0001-8822-1884,0000-0002-9348-9284,MIMIC-IV v2.0,https://athena.ohdsi.org/,11/30/2021,,,1
225896,Quinine,Non Iv Meds,mg,40076683,quinine Oral Tablet,Drug,RxNorm,Clinical Drug Form,S,373742,0000-0001-8822-1884,0000-0002-9348-9284,MIMIC-IV v2.0,https://athena.ohdsi.org/,11/30/2021,,Non Iv = Oral Tablet?,1
229057,Acetylcysteine,Continuous Med,mcg,35606334,acetylcysteine Injection,Drug,RxNorm,Clinical Drug Form,S,1742774,0000-0001-8822-1884,0000-0002-9348-9284,MIMIC-IV v2.0,https://athena.ohdsi.org/,11/30/2021,,,1
229070,Glycopyrolate (Robinul),Drug Push,mcg,35605662,glycopyrronium Injection [Robinul],Drug,RxNorm,Branded Drug Form,S,1731583,0000-0001-8822-1884,0000-0002-9348-9284,MIMIC-IV v2.0,https://athena.ohdsi.org/,11/30/2021,,,1
229070,Glycopyrolate (Robinul),Drug Push,dose,35605662,glycopyrronium Injection [Robinul],Drug,RxNorm,Branded Drug Form,S,1731583,0000-0001-8822-1884,0000-0002-9348-9284,MIMIC-IV v2.0,https://athena.ohdsi.org/,11/30/2021,,,1
221744,Fentanyl,Drug Push,mg,35603427,fentanyl Injection,Drug,RxNorm,Clinical Drug Form,S,1735002,0000-0001-8822-1884,0000-0002-9348-9284,MIMIC-IV v2.0,https://athena.ohdsi.org/,11/30/2021,,,1
225974,Metoprolol,Drug Push,mcg,35605509,metoprolol Injection,Drug,RxNorm,Clinical Drug Form,S,1740909,0000-0001-8822-1884,0000-0002-9348-9284,MIMIC-IV v2.0,https://athena.ohdsi.org/,11/30/2021,,,1
225879,Levofloxacin,Drug Push,grams,46287433,levofloxacin Injection,Drug,RxNorm,Clinical Drug Form,S,1665494,0000-0001-8822-1884,0000-0002-9348-9284,MIMIC-IV v2.0,https://athena.ohdsi.org/,11/30/2021,,,1
229587,Ceftaroline,Drug Push,grams,35606420,ceftaroline fosamil Injection,Drug,RxNorm,Clinical Drug Form,S,1724078,0000-0001-8822-1884,0000-0002-9348-9284,MIMIC-IV v2.0,https://athena.ohdsi.org/,11/30/2021,,,1
225912,Carafate (Sucralfate),Drug Push,mg,40080152,sucralfate Oral Suspension [Carafate],Drug,RxNorm,Branded Drug Form,S,365868,0000-0001-8822-1884,0000-0002-9348-9284,MIMIC-IV v2.0,https://athena.ohdsi.org/,11/30/2021,,No Iv Form,1
225833,Thiamine,Continuous IV,grams,40091031,thiamine Injectable Solution,Drug,RxNorm,Clinical Drug Form,S,370492,0000-0001-8822-1884,0000-0002-9348-9284,MIMIC-IV v2.0,https://athena.ohdsi.org/,11/30/2021,,,1
227535,Vitamin K (Phytonadione),Continuous IV,mcg,40092695,vitamin K Injectable Solution,Drug,RxNorm,Clinical Drug Form,S,378846,0000-0001-8822-1884,0000-0002-9348-9284,MIMIC-IV v2.0,https://athena.ohdsi.org/,11/30/2021,,No Branded Drug Form,1