itemid,label,fluid,category,valueuom,loinc,loinc_version,notes
50856,Acetaminophen,Blood,Chemistry,ug/mL,,2.71,
50867,Amylase,Blood,Chemistry,IU/L,,2.71,
50873,Anti-Nuclear Antibody,Blood,Chemistry,N/A,,2.71,
50874,"Anti-Nuclear Antibody, Titer",Blood,Chemistry,N/A,,2.71,
50893,"Calcium, Total",Blood,Chemistry,mg/dL,,2.71,
50903,Cholesterol Ratio (Total/HDL),Blood,Chemistry,Ratio,9830-1,2.71,Mass ratio is more common than molar ratio in the US
50911,"Creatine Kinase, MB Isoenzyme",Blood,Chemistry,ng/mL,13969-1,2.71,This is the LOINC code US labs use
50922,Ethanol,Blood,Chemistry,mg/dL,,2.71,
50937,Hepatitis A Virus Antibody,Blood,Chemistry,N/A|Pos/Neg,13951-9,2.71,More specific method
50940,Hepatitis B Surface Antibody,Blood,Chemistry,N/A,,2.71,
50941,Hepatitis B Surface Antigen,Blood,Chemistry,N/A,5196-1,2.71,More specific method
50942,Hepatitis B Virus Core Antibody,Blood,Chemistry,N/A,13952-7,2.71,More specific method
50946,Human Chorionic Gonadotropin,Blood,Chemistry,mIU/mL,,2.71,
50957,Lithium,Blood,Chemistry,mmol/L,,2.71,
50960,Magnesium,Blood,Chemistry,mg/dL,,2.71,
50967,Phenytoin,Blood,Chemistry,ug/mL,,2.71,
50981,Salicylate,Blood,Chemistry,mg/dL,,2.71,
50998,Transferrin,Blood,Chemistry,mg/dL,,2.71,
51000,Triglycerides,Blood,Chemistry,mg/dL,,2.71,
51010,Vitamin B12,Blood,Chemistry,pg/mL,,2.71,
51102,"Total Protein, Urine",Urine,Chemistry,mg/dL,,2.71,
51130,Absolute CD3 Count,Blood,Hematology,#/uL,,2.71,
51131,Absolute CD4 Count,Blood,Hematology,#/uL,24467-3,2.71,Corrected LOINC code is deprecated. No alternatives
51132,Absolute CD8 Count,Blood,Hematology,#/uL,14135-8,2.71,Corrected LOINC code is deprecated. No alternatives
51137,Anisocytosis,Blood,Hematology,N/A,,2.71,
51143,Atypical Lymphocytes,Blood,Hematology,%,,2.71,
51144,Bands,Blood,Hematology,%,,2.71,
51146,Basophils,Blood,Hematology,%,706-2,2.71,More specific method
51148,Blasts,Blood,Hematology,%,,2.71,
51176,"CD3 Cells, Percent",Blood,Hematology,%,,2.71,
51180,"CD4 Cells, Percent",Blood,Hematology,%,8123-2,2.71,Corrected LOINC code is deprecated
51194,"CD8 Cells, Percent",Blood,Hematology,%,8101-8,2.71,Corrected LOINC code is deprecated
51197,Elliptocytes,Blood,Hematology,N/A,,2.71,
51200,Eosinophils,Blood,Hematology,%,713-8,2.71,More specific method
51237,INR(PT),Blood,Hematology,,,2.71,
51244,Lymphocytes,Blood,Hematology,%,736-9,2.71,More specific method
51246,Macrocytes,Blood,Hematology,N/A,,2.71,
51252,Microcytes,Blood,Hematology,N/A,,2.71,
51254,Monocytes,Blood,Hematology,%,5905-5,2.71,More specific method
51256,Neutrophils,Blood,Hematology,%,770-8,2.71,More specific method
51257,Nucleated Red Cells,Blood,Hematology,%,,2.71,
51259,Other Cells,Blood,Hematology,%,,2.71,
51266,Platelet Smear,Blood,Hematology,N/A,,2.71,
51269,Promyelocytes,Blood,Hematology,%,783-1,2.71,More specific method
51288,Sedimentation Rate,Blood,Hematology,mm/hr,4537-7,2.71,More specific method
51301,White Blood Cells,Blood,Hematology,K/uL,,2.71,
51463,Bacteria,Urine,Hematology,/hpf,5769-5,2.71,The original LOINC code was correct
51493,RBC,Urine,Hematology,#/hpf,,2.71,
51514,Urobilinogen,Urine,Hematology,mg/dL,,2.71,
51519,Yeast,Urine,Hematology,/hpf,,2.71,
50801,Alveolar-arterial Gradient,Blood,Blood Gas,mm Hg,,2.71,
50802,Base Excess,Blood,Blood Gas,mEq/L,,2.71,
50803,"Calculated Bicarbonate, Whole Blood",Blood,Blood Gas,mEq/L,,2.71,
50804,Calculated Total CO2,Blood,Blood Gas,mEq/L,,2.71,
50806,"Chloride, Whole Blood",Blood,Blood Gas,mEq/L,,2.71,
50808,Free Calcium,Blood,Blood Gas,mmol/L,,2.71,
50809,Glucose,Blood,Blood Gas,mg/dL,,2.71,
50810,"Hematocrit, Calculated",Blood,Blood Gas,%,,2.71,
50811,Hemoglobin,Blood,Blood Gas,g/dL,,2.71,
50812,Intubated,Blood,Blood Gas,,,2.71,
50813,Lactate,Blood,Blood Gas,mmol/L,,2.71,
50815,O2 Flow,Blood,Blood Gas,L/min,,2.71,
50816,Oxygen,Blood,Blood Gas,%,,2.71,
50817,Oxygen Saturation,Blood,Blood Gas,%,,2.71,
50818,pCO2,Blood,Blood Gas,mm Hg,,2.71,
50819,PEEP,Blood,Blood Gas,,,2.71,
50820,pH,Blood,Blood Gas,units,,2.71,
50821,pO2,Blood,Blood Gas,mm Hg,,2.71,
50822,"Potassium, Whole Blood",Blood,Blood Gas,mEq/L,,2.71,
50823,Required O2,Blood,Blood Gas,,,2.71,
50824,"Sodium, Whole Blood",Blood,Blood Gas,mEq/L,,2.71,
50825,Temperature,Blood,Blood Gas,,,2.71,
50826,Tidal Volume,Blood,Blood Gas,,,2.71,
50827,Ventilation Rate,Blood,Blood Gas,,,2.71,
50828,Ventilator,Blood,Blood Gas,,,2.71,
50852,% Hemoglobin A1c,Blood,Chemistry,%,,2.71,
50853,25-OH Vitamin D,Blood,Chemistry,ng/mL,,2.71,
50861,Alanine Aminotransferase (ALT),Blood,Chemistry,IU/L,,2.71,
50862,Albumin,Blood,Chemistry,g/dL,,2.71,
50863,Alkaline Phosphatase,Blood,Chemistry,IU/L,,2.71,
50864,Alpha-Fetoprotein,Blood,Chemistry,ng/mL,,2.71,
50868,Anion Gap,Blood,Chemistry,mEq/L,,2.71,
50878,Asparate Aminotransferase (AST),Blood,Chemistry,IU/L,,2.71,
50879,Barbiturate Screen,Blood,Chemistry,N/A,3376-1,2.71,https://loinc.org/72479-9/
50880,Benzodiazepine Screen,Blood,Chemistry,N/A,42662-7,2.71,https://loinc.org/72479-9/
50881,Beta-2 Microglobulin,Blood,Chemistry,mg/L,,2.71,
50882,Bicarbonate,Blood,Chemistry,mEq/L,,2.71,
50883,"Bilirubin, Direct",Blood,Chemistry,mg/dL,,2.71,
50884,"Bilirubin, Indirect",Blood,Chemistry,mg/dL,,2.71,
50885,"Bilirubin, Total",Blood,Chemistry,mg/dL,,2.71,
50887,Blue Top Hold,Blood,Chemistry,,,2.71,
50889,C-Reactive Protein,Blood,Chemistry,mg/L,,2.71,
50890,C3,Blood,Chemistry,mg/dL,,2.71,
50891,C4,Blood,Chemistry,mg/dL,,2.71,
50892,CA-125,Blood,Chemistry,U/mL,,2.71,
50895,Calculated TBG,Blood,Chemistry,Ratio,,2.71,
50896,Calculated Thyroxine (T4) Index,Blood,Chemistry,ug/dL,,2.71,
50898,Cancer Antigen 27.29,Blood,Chemistry,U/mL,,2.71,
50900,Carcinoembyronic Antigen (CEA),Blood,Chemistry,ng/mL,,2.71,
50902,Chloride,Blood,Chemistry,mEq/L,,2.71,
50904,"Cholesterol, HDL",Blood,Chemistry,mg/dL,2085-9,2.71,Original LOINC code is deprecated
50905,"Cholesterol, LDL, Calculated",Blood,Chemistry,mg/dL,13457-7,2.71,Original LOINC code is deprecated
50906,"Cholesterol, LDL, Measured",Blood,Chemistry,mg/dL,,2.71,
50907,"Cholesterol, Total",Blood,Chemistry,mg/dL,,2.71,
50908,CK-MB Index,Blood,Chemistry,%,,2.71,
50909,Cortisol,Blood,Chemistry,ug/dL,,2.71,
50910,Creatine Kinase (CK),Blood,Chemistry,IU/L,,2.71,
50912,Creatinine,Blood,Chemistry,mg/dL,,2.71,
50914,Cyclosporin,Blood,Chemistry,ng/mL,3520-4,2.71,Original LOINC code is discouraged
50915,D-Dimer,Blood,Chemistry,ng/mL|ng/mL FEU,,2.71,
50917,Digoxin,Blood,Chemistry,ng/mL,,2.71,
50918,Double Stranded DNA,Blood,Chemistry,U/mL|N/A,,2.71,
50919,EDTA Hold,Blood,Chemistry,,,2.71,
50920,Estimated GFR (MDRD equation),Blood,Chemistry,,,2.71,
50924,Ferritin,Blood,Chemistry,ng/mL,,2.71,
50925,Folate,Blood,Chemistry,ng/mL,,2.71,
50926,Follicle Stimulating Hormone,Blood,Chemistry,mIU/mL,15067-2,2.71,Original LOINC code is discouraged
50927,Gamma Glutamyltransferase,Blood,Chemistry,IU/L,,2.71,
50930,Globulin,Blood,Chemistry,g/dL,,2.71,
50931,Glucose,Blood,Chemistry,mg/dL,2345-7,2.71,Original LOINC code is deprecated
50933,Green Top Hold (plasma),Blood,Chemistry,,,2.71,
50934,H,Blood,Chemistry,U,,2.71,
50935,Haptoglobin,Blood,Chemistry,mg/dL,,2.71,
50943,Hepatitis C Virus Antibody,Blood,Chemistry,N/A,13955-0,2.71,More specific method
50944,HIV Antibody,Blood,Chemistry,N/A,,2.71,
50947,I,Blood,Chemistry,U,,2.71,
50948,Immunofixation,Blood,Chemistry,,25700-6,2.71,https://loinc.org/25700-6/
50949,Immunoglobulin A,Blood,Chemistry,mg/dL,,2.71,
50950,Immunoglobulin G,Blood,Chemistry,mg/dL,,2.71,
50951,Immunoglobulin M,Blood,Chemistry,mg/dL,,2.71,
50952,Iron,Blood,Chemistry,ug/dL,,2.71,
50953,"Iron Binding Capacity, Total",Blood,Chemistry,ug/dL,,2.71,
50954,Lactate Dehydrogenase (LD),Blood,Chemistry,IU/L,,2.71,
50955,Light Green Top Hold,Blood,Chemistry,,,2.71,
50956,Lipase,Blood,Chemistry,IU/L,,2.71,
50963,NTproBNP,Blood,Chemistry,pg/mL,,2.71,
50964,"Osmolality, Measured",Blood,Chemistry,mOsm/kg,,2.71,
50965,Parathyroid Hormone,Blood,Chemistry,pg/mL,,2.71,
50970,Phosphate,Blood,Chemistry,mg/dL,,2.71,
50971,Potassium,Blood,Chemistry,mEq/L,,2.71,
50973,Prolactin,Blood,Chemistry,ng/mL,,2.71,
50974,Prostate Specific Antigen,Blood,Chemistry,ng/mL,,2.71,
50975,Protein Electrophoresis,Blood,Chemistry,,,2.71,
50976,"Protein, Total",Blood,Chemistry,g/dL,,2.71,
50978,Rapamycin,Blood,Chemistry,ng/mL,,2.71,
50979,Red Top Hold,Blood,Chemistry,,,2.71,
50980,Rheumatoid Factor,Blood,Chemistry,IU/mL,11572-5,2.71,Better match
50983,Sodium,Blood,Chemistry,mEq/L,,2.71,
50986,tacroFK,Blood,Chemistry,ng/mL,,2.71,
50988,Testosterone,Blood,Chemistry,ng/dL,2986-8,2.71,Original LOINC code is deprecated
50993,Thyroid Stimulating Hormone,Blood,Chemistry,uIU/mL|uU/ML,,2.71,
50994,Thyroxine (T4),Blood,Chemistry,ug/dL,,2.71,
50995,"Thyroxine (T4), Free",Blood,Chemistry,ng/dL,,2.71,
50996,"Tissue Transglutaminase Ab, IgA",Blood,Chemistry,units,,2.71,
50999,Tricyclic Antidepressant Screen,Blood,Chemistry,N/A,,2.71,
51001,Triiodothyronine (T3),Blood,Chemistry,ng/dL,,2.71,
51003,Troponin T,Blood,Chemistry,ng/mL,,2.71,
51005,Uptake Ratio,Blood,Chemistry,Ratio,,2.71,
51006,Urea Nitrogen,Blood,Chemistry,mg/dL,,2.71,
51007,Uric Acid,Blood,Chemistry,mg/dL,,2.71,
51008,Valproic Acid,Blood,Chemistry,ug/mL,,2.71,
51009,Vancomycin,Blood,Chemistry,ug/mL,20578-1,2.71,Original LOINC code is discouraged
51054,"Lactate Dehydrogenase, Pleural",Pleural,Chemistry,IU/L,,2.71,Original LOINC code is discouraged
51059,"Total Protein, Pleural",Pleural,Chemistry,g/dL,,2.71,
51067,24 hr Creatinine,Urine,Chemistry,mg/24hr,,2.71,
51069,"Albumin, Urine",Urine,Chemistry,mg/dL,,2.71,
51070,"Albumin/Creatinine, Urine",Urine,Chemistry,mg/g,,2.71,
51071,"Amphetamine Screen, Urine",Urine,Chemistry,N/A,,2.71,
51074,"Barbiturate Screen, Urine",Urine,Chemistry,N/A,19270-8,2.71,More specific method
51075,"Benzodiazepine Screen, Urine",Urine,Chemistry,N/A,,2.71,
51078,"Chloride, Urine",Urine,Chemistry,mEq/L,,2.71,
51079,"Cocaine, Urine",Urine,Chemistry,N/A,,2.71,
51082,"Creatinine, Urine",Urine,Chemistry,mg/dL,,2.71,
51085,"HCG, Urine, Qualitative",Urine,Chemistry,+/-|N/A,,2.71,
51087,Length of Urine Collection,Urine,Chemistry,,,2.71,
51089,Marijuana,Urine,Chemistry,N/A,,2.71,
51090,"Methadone, Urine",Urine,Chemistry,N/A,,2.71,
51092,"Opiate Screen, Urine",Urine,Chemistry,N/A,,2.71,
51093,"Osmolality, Urine",Urine,Chemistry,mOsm/kg,,2.71,
51094,pH,Urine,Chemistry,,5803-2,2.71,
51097,"Potassium, Urine",Urine,Chemistry,mEq/L,,2.71,
51098,"Prot. Electrophoresis, Urine",Urine,Chemistry,+/-,,2.71,
51099,Protein/Creatinine Ratio,Urine,Chemistry,Ratio|mg/mg,,2.71,
51100,"Sodium, Urine",Urine,Chemistry,mEq/L,,2.71,
51103,Uhold,Urine,Chemistry,,,2.71,
51104,"Urea Nitrogen, Urine",Urine,Chemistry,mg/dL,,2.71,
51107,"Urine tube, held",Urine,Chemistry,,,2.71,
51108,Urine Volume,Urine,Chemistry,mL,,2.71,
51116,Lymphocytes,Ascites,Hematology,%,,2.71,
51117,Macrophage,Ascites,Hematology,%,40517-5,2.71,
51118,Mesothelial Cell,Ascites,Hematology,%,,2.71,
51120,Monocytes,Ascites,Hematology,%,,2.71,
51125,Polys,Ascites,Hematology,%,,2.71,
51127,"RBC, Ascites",Ascites,Hematology,#/uL,,2.71,
51133,Absolute Lymphocyte Count,Blood,Hematology,K/uL,,2.71,
51134,Acanthocytes,Blood,Hematology,N/A,,2.71,
51145,Basophilic Stippling,Blood,Hematology,N/A,,2.71,
51147,Bite Cells,Blood,Hematology,N/A,,2.71,
51181,CD4/CD8 Ratio,Blood,Hematology,Ratio,,2.71,
51196,D-Dimer,Blood,Hematology,ng/mL|ng/mL FEU,,2.71,
51214,"Fibrinogen, Functional",Blood,Hematology,mg/dL,,2.71,
51218,Granulocyte Count,Blood,Hematology,#/uL,,2.71,
51219,H/O Smear,Blood,Hematology,,,2.71,
51221,Hematocrit,Blood,Hematology,%,,2.71,
51222,Hemoglobin,Blood,Hematology,g/dL,,2.71,
51233,Hypochromia,Blood,Hematology,N/A,,2.71,
51245,"Lymphocytes, Percent",Blood,Hematology,%,736-9,2.71,More specific method
51248,MCH,Blood,Hematology,pg,,2.71,
51249,MCHC,Blood,Hematology,%|g/dL,,2.71,
51250,MCV,Blood,Hematology,fL,,2.71,
51251,Metamyelocytes,Blood,Hematology,%,,2.71,
51255,Myelocytes,Blood,Hematology,%,,2.71,
51260,Ovalocytes,Blood,Hematology,N/A,,2.71,
51265,Platelet Count,Blood,Hematology,K/uL,,2.71,
51267,Poikilocytosis,Blood,Hematology,N/A,,2.71,
51268,Polychromasia,Blood,Hematology,N/A,,2.71,
51274,PT,Blood,Hematology,sec,,2.71,
51275,PTT,Blood,Hematology,sec,14979-9,2.71,Original LOINC code is deprecated
51277,RDW,Blood,Hematology,%,,2.71,
51279,Red Blood Cells,Blood,Hematology,m/uL,,2.71,
51282,"Reticulocyte Count, Absolute",Blood,Hematology,m/uL|/mm3,,2.71,
51283,"Reticulocyte Count, Automated",Blood,Hematology,%,,2.71,
51287,Schistocytes,Blood,Hematology,N/A,,2.71,
51292,Spherocytes,Blood,Hematology,N/A,,2.71,
51294,Target Cells,Blood,Hematology,N/A,,2.71,
51296,Teardrop Cells,Blood,Hematology,N/A,,2.71,
51300,WBC Count,Blood,Hematology,K/uL,,2.71,
51446,Lymphocytes,Pleural,Hematology,%,,2.71,
51450,Monos,Pleural,Hematology,%,,2.71,
51455,Polys,Pleural,Hematology,%,,2.71,
51462,Amorphous Crystals,Urine,Hematology,/hpf,,2.71,
51464,Bilirubin,Urine,Hematology,mg/dL|N/A|EU/dL,,2.71,
51466,Blood,Urine,Hematology,N/A,,2.71,
51469,Calcium Oxalate Crystals,Urine,Hematology,/hpf,,2.71,
51476,Epithelial Cells,Urine,Hematology,#/hpf,,2.71,
51478,Glucose,Urine,Hematology,mg/dL,,2.71,
51479,Granular Casts,Urine,Hematology,#/lpf,,2.71,
51482,Hyaline Casts,Urine,Hematology,#/lpf,,2.71,
51484,Ketone,Urine,Hematology,mg/dL,,2.71,
51486,Leukocytes,Urine,Hematology,N/A,,2.71,
51487,Nitrite,Urine,Hematology,N/A,,2.71,
51491,pH,Urine,Hematology,units,,2.71,
51492,Protein,Urine,Hematology,mg/dL,,2.71,
51498,Specific Gravity,Urine,Hematology, ,,2.71,
51501,Transitional Epithelial Cells,Urine,Hematology,#/hpf,,2.71,
51506,Urine Appearance,Urine,Hematology,N/A,,2.71,
51508,Urine Color,Urine,Hematology,N/A,,2.71,
51512,Urine Mucous,Urine,Hematology,/hpf,,2.71,
51516,WBC,Urine,Hematology,#/hpf,,2.71,
51518,WBC Clumps,Urine,Hematology,/hpf,,2.71,
51562,ARCH-1,Blood,Chemistry,,,2.71,
51611,eAG,Blood,Chemistry,mg/dL,,2.71,
51623,Free Kappa,Blood,Chemistry,mg/L,,2.71,
51624,Free Kappa/Free Lambda Ratio,Blood,Chemistry,,,2.71,
51625,Free Lambda,Blood,Chemistry,mg/L,,2.71,
51655,HPE1,Blood,Chemistry,,,2.71,
51656,HPE2,Blood,Chemistry,,,2.71,
51657,HPE3,Blood,Chemistry,,,2.71,
51661,HPE7,Blood,Chemistry,,,2.71,
51676,L,Blood,Chemistry,U,,2.71,
51704,Problem Specimen,Blood,Chemistry,,,2.71,
51730,STX1,Blood,Chemistry,,,2.71,
51731,STX2,Blood,Chemistry,,,2.71,
51732,STX3,Blood,Chemistry,,,2.71,
51733,STX4,Blood,Chemistry,,,2.71,
51734,STX5,Blood,Chemistry,,,2.71,
51735,STX6,Blood,Chemistry,,,2.71,
51750,Voided Specimen,Blood,Chemistry,,,2.71,
51788,"Glucose, CSF",Cerebrospinal Fluid,Chemistry,mg/dL,,2.71,
51800,"Total Protein, CSF",Cerebrospinal Fluid,Chemistry,mg/dL,,2.71,
51844,Chlamydia trachomatis,Other Body Fluid,Chemistry,N/A,,2.71,
51859,Influenza A by PCR,Other Body Fluid,Chemistry,,,2.71,
51867,Influenza B by PCR,Other Body Fluid,Chemistry,,,2.71,
51873,Neisseria gonorrhoeae,Other Body Fluid,Chemistry,N/A,,2.71,
51896,PAN1,Other Body Fluid,Chemistry,,,2.71,
51984,Oxycodone,Urine,Chemistry,N/A,,2.71,
51999,UTX1,Urine,Chemistry,,,2.71,
52000,UTX2,Urine,Chemistry,,,2.71,
52001,UTX3,Urine,Chemistry,,,2.71,
52002,UTX4,Urine,Chemistry,,,2.71,
52003,UTX5,Urine,Chemistry,,,2.71,
52004,UTX6,Urine,Chemistry,,,2.71,
52005,UTX7,Urine,Chemistry,,,2.71,
52018,Assist/Control,Blood,Chemistry,,,2.71,
52028,Specimen Type,Blood,Blood Gas,,,2.71,
52060,"Total Nucleated Cells, Ascites",Ascites,Hematology,#/uL,,2.71,
52064,Absolute Basophil Count,Blood,Hematology,K/uL,,2.71,
52068,Absolute Eosinophil Count,Blood,Hematology,K/uL,,2.71,
52069,Absolute Monocyte Count,Blood,Hematology,K/uL,,2.71,
52070,Absolute Neutrophil Count,Blood,Hematology,K/uL,,2.71,
52106,Echinocytes,Blood,Hematology,N/A,,2.71,
52130,Immature Granulocytes,Blood,Hematology,%,,2.71,
52166,RBC Morphology,Blood,Hematology,N/A,,2.71,
52167,RDW-SD,Blood,Hematology,fL,,2.71,
52267,Monocytes,Cerebrospinal Fluid,Hematology,%,,2.71,
52276,Polys,Cerebrospinal Fluid,Hematology,%,,2.71,
52280,"RBC, CSF",Cerebrospinal Fluid,Hematology,#/uL,,2.71,
52281,"Total Nucleated Cells, CSF",Cerebrospinal Fluid,Hematology,#/uL,,2.71,
52386,"Total Nucleated Cells, Pleural",Pleural,Hematology,#/uL,,2.71,
52764,Absolute Lymphocyte Count,Blood,0,#/uL,,2.71,
50877,Anti-Thyroglobulin Antibodies,Blood,Chemistry,IU/mL,,2.71,
50958,Luteinizing Hormone,Blood,Chemistry,mIU/mL,,2.71,
50966,Phenobarbital,Blood,Chemistry,ug/mL,,2.71,
50982,Sex Hormone Binding Globulin,Blood,Chemistry,nmol/L,,2.71,
51076,"Bicarbonate, Urine",Urine,Chemistry,mEq/L,,2.71,
51077,"Calcium, Urine",Urine,Chemistry,mg/dL,,2.71,
51088,"Magnesium, Urine",Urine,Chemistry,mg/dL,,2.71,
51203,Factor IX,Blood,Hematology,%,,2.71,
51211,Factor XIII,Blood,Hematology,%,,2.71,
51223,Hemoglobin A2,Blood,Hematology,%,,2.71,
51224,Hemoglobin C,Blood,Hematology,%,,2.71,
51225,Hemoglobin F,Blood,Hematology,%,,2.71,
51226,Hemogloblin A,Blood,Hematology,%,,2.71,
51227,Hemogloblin S,Blood,Hematology,%,,2.71,
51232,Hypersegmented Neutrophils,Blood,Hematology,%,,2.71,
51299,Von Willebrand Factor Antigen,Blood,Hematology,%,,2.71,
51473,Cysteine Crystals,Urine,Hematology,/hpf,,2.71,
50805,Carboxyhemoglobin,Blood,Blood Gas,%,,2.71,
50807,Comments,Blood,Blood Gas,,,2.71,
50814,Methemoglobin,Blood,Blood Gas,%,,2.71,
50829,Fluid Type,Other Body Fluid,Blood Gas,,,2.71,
50830,"pCO2, Body Fluid",Other Body Fluid,Blood Gas,mm Hg,,2.71,
50831,pH,Other Body Fluid,Blood Gas,units,,2.71,
50832,"pO2, Body Fluid",Other Body Fluid,Blood Gas,mm Hg,,2.71,
50833,Potassium,Other Body Fluid,Blood Gas,,,2.71,
50834,"Sodium, Body Fluid",Other Body Fluid,Blood Gas,,,2.71,
50835,"Albumin, Ascites",Ascites,Chemistry,g/dL,,2.71,
50836,"Amylase, Ascites",Ascites,Chemistry,IU/L,,2.71,
50837,"Bicarbonate, Ascites",Ascites,Chemistry,mEq/L,,2.71,
50838,"Bilirubin, Total, Ascites",Ascites,Chemistry,mg/dL,,2.71,
50839,"Chloride, Ascites",Ascites,Chemistry,mEq/L,,2.71,
50840,"Cholesterol, Ascites",Ascites,Chemistry,mg/dL,,2.71,
50841,"Creatinine, Ascites",Ascites,Chemistry,mg/dL,,2.71,
50842,"Glucose, Ascites",Ascites,Chemistry,mg/dL,,2.71,
50843,"Lactate Dehydrogenase, Ascites",Ascites,Chemistry,IU/L,,2.71,
50844,"Lipase, Ascites",Ascites,Chemistry,U/L,,2.71,
50845,"Miscellaneous, Ascites",Ascites,Chemistry,,,2.71,
50846,"Osmolality, Ascites",Ascites,Chemistry,mOsm/kg,,2.71,
50847,"Potassium, Ascites",Ascites,Chemistry,mEq/L,,2.71,
50848,"Sodium, Ascites",Ascites,Chemistry,mEq/L,,2.71,
50849,"Total Protein, Ascites",Ascites,Chemistry,g/dL,,2.71,
50850,"Triglycerides, Ascites",Ascites,Chemistry,mg/dL,,2.71,
50851,"Urea Nitrogen, Ascites",Ascites,Chemistry,mg/dL,,2.71,
50854,Absolute A1c,Blood,Chemistry,,,2.71,
50855,Absolute Hemoglobin,Blood,Chemistry,,,2.71,
50857,Acetone,Blood,Chemistry,N/A,,2.71,
50858,Acid Phosphatase,Blood,Chemistry,,,2.71,
50859,"Acid Phosphatase, Non-Prostatic",Blood,Chemistry,,,2.71,
50860,"AFP, Maternal Screen",Blood,Chemistry,,,2.71,
50865,Amikacin,Blood,Chemistry,ug/mL,,2.71,
50866,Ammonia,Blood,Chemistry,umol/L,,2.71,
50869,Anti-DGP (IgA/IgG),Blood,Chemistry,units,,2.71,
50870,"Anti-Gliadin Antibody, IgA",Blood,Chemistry,units,,2.71,
50871,Anti-Mitochondrial Antibody,Blood,Chemistry,N/A,,2.71,
50872,Anti-Neutrophil Cytoplasmic Antibody,Blood,Chemistry,N/A,,2.71,
50875,Anti-Parietal Cell Antibody,Blood,Chemistry,N/A,,2.71,
50876,Anti-Smooth Muscle Antibody,Blood,Chemistry,N/A,,2.71,
50886,Blood Culture Hold,Blood,Chemistry,,,2.71,
50888,Blue Top Hold Frozen,Blood,Chemistry,,,2.71,
50894,Calculated Free Testosterone,Blood,Chemistry,pg/mL,,2.71,
50897,Call,Blood,Chemistry,,,2.71,
50899,Carbamazepine,Blood,Chemistry,ug/mL,,2.71,
50901,Centromere,Blood,Chemistry,N/A,,2.71,
50913,Cryoglobulin,Blood,Chemistry,N/A,,2.71,
50916,DHEA-Sulfate,Blood,Chemistry,ug/dL,,2.71,
50921,Estradiol,Blood,Chemistry,pg/mL,,2.71,
50923,Fax,Blood,Chemistry,,,2.71,
50928,Gastrin,Blood,Chemistry,,,2.71,
50929,Gentamicin,Blood,Chemistry,ug/mL,,2.71,
50932,Gray Top Hold (plasma),Blood,Chemistry,,,2.71,
50936,"HCG, Maternal Screen",Blood,Chemistry,,,2.71,
50938,Hepatitis A Virus IgM Antibody,Blood,Chemistry,N/A,,2.71,
50939,"Hepatitis B Core Antibody, IgM",Blood,Chemistry,N/A,,2.71,
50945,Homocysteine,Blood,Chemistry,umol/L,,2.71,
50959,Macro Prolactin,Blood,Chemistry,,,2.71,
50961,Methotrexate,Blood,Chemistry,umol/L,,2.71,
50962,N-Acetylprocainamide (NAPA),Blood,Chemistry,ug/mL,,2.71,
50968,"Phenytoin, Free",Blood,Chemistry,ug/mL,,2.71,
50969,"Phenytoin, Percent Free",Blood,Chemistry,%,,2.71,
50972,Procainamide,Blood,Chemistry,ug/mL,,2.71,
50977,Quinidine,Blood,Chemistry,,,2.71,
50984,Stat,Blood,Chemistry,,,2.71,
50985,Study Tubes,Blood,Chemistry,,,2.71,
50989,"Testosterone, Free",Blood,Chemistry,pg/mL,,2.71,
50990,Theophylline,Blood,Chemistry,ug/mL,,2.71,
50991,Thyroglobulin,Blood,Chemistry,ng/mL,,2.71,
50992,Thyroid Peroxidase Antibodies,Blood,Chemistry,IU/mL,,2.71,
50997,Tobramycin,Blood,Chemistry,ug/mL,,2.71,
51002,Troponin I,Blood,Chemistry,,,2.71,
51004,"UE3, Maternal Screen",Blood,Chemistry,,,2.71,
51019,"Albumin, Joint Fluid",Joint Fluid,Chemistry,g/dL,,2.71,
51020,"Amylase, Joint Fluid",Joint Fluid,Chemistry,IU/L,,2.71,
51021,"Creatinine, Joint Fluid",Joint Fluid,Chemistry,mg/dL,,2.71,
51022,"Glucose, Joint Fluid",Joint Fluid,Chemistry,mg/dL,,2.71,
51023,"LD, Joint Fluid",Joint Fluid,Chemistry,IU/L,,2.71,
51024,"Total Protein, Joint Fluid",Joint Fluid,Chemistry,g/dL,,2.71,
51025,"Albumin, Body Fluid",Other Body Fluid,Chemistry,g/dL,,2.71,
51026,"Amylase, Body Fluid",Other Body Fluid,Chemistry,IU/L,,2.71,
51027,"Bicarbonate, Other Fluid",Other Body Fluid,Chemistry,mEq/L,,2.71,
51028,"Bilirubin, Total, Body Fluid",Other Body Fluid,Chemistry,mg/dL,,2.71,
51029,"Calcium, Body Fluid",Other Body Fluid,Chemistry,mg/dL,,2.71,
51030,"Chloride, Body Fluid",Other Body Fluid,Chemistry,mEq/L,,2.71,
51031,"Cholesterol, Body Fluid",Other Body Fluid,Chemistry,mg/dL,,2.71,
51032,"Creatinine, Body Fluid",Other Body Fluid,Chemistry,mg/dL,,2.71,
51033,FetalFN,Other Body Fluid,Chemistry,,,2.71,
51034,"Glucose, Body Fluid",Other Body Fluid,Chemistry,mg/dL,,2.71,
51035,"LD, Body Fluid",Other Body Fluid,Chemistry,IU/L,,2.71,
51036,"Lipase, Body Fluid",Other Body Fluid,Chemistry,U/L,,2.71,
51037,"Magnesium, Body Fluid",Other Body Fluid,Chemistry,mg/dL,,2.71,
51038,"Miscellaneous, Body Fluid",Other Body Fluid,Chemistry,,,2.71,
51039,"Osmolality, Body Fluid",Other Body Fluid,Chemistry,mOsm/kg,,2.71,
51040,"Phosphate, Body Fluid",Other Body Fluid,Chemistry,mg/dL,,2.71,
51041,"Potassium, Body Fluid",Other Body Fluid,Chemistry,mEq/L,,2.71,
51042,"Sodium, Body Fluid",Other Body Fluid,Chemistry,mEq/L,,2.71,
51043,"Total Protein, Body Fluid",Other Body Fluid,Chemistry,g/dL,,2.71,
51044,Triglycer,Other Body Fluid,Chemistry,mg/dL,,2.71,
51045,"Urea Nitrogen, Body Fluid",Other Body Fluid,Chemistry,mg/dL,,2.71,
51046,"Albumin, Pleural",Pleural,Chemistry,g/dL,,2.71,
51047,"Amylase, Pleural",Pleural,Chemistry,IU/L,,2.71,
51048,"Bicarbonate, Pleural",Pleural,Chemistry,mEq/L,,2.71,
51049,"Bilirubin, Total, Pleural",Pleural,Chemistry,mg/dL,,2.71,
51050,"Chloride, Pleural",Pleural,Chemistry,mEq/L,,2.71,
51051,"Cholesterol, Pleural",Pleural,Chemistry,mg/dL,,2.71,
51052,"Creatinine, Pleural",Pleural,Chemistry,mg/dL,,2.71,
51053,"Glucose, Pleural",Pleural,Chemistry,mg/dL,,2.71,
51055,"Lipase, Pleural",Pleural,Chemistry,U/L,,2.71,
51056,"Miscellaneous, Pleural",Pleural,Chemistry,,,2.71,
51057,"Potassium, Pleural",Pleural,Chemistry,mEq/L,,2.71,
51058,"Sodium, Pleural",Pleural,Chemistry,mEq/L,,2.71,
51060,"Triglycerides, Pleural",Pleural,Chemistry,mg/dL,,2.71,
51061,"Bicarbonate, Stool",Stool,Chemistry,mEq/L,,2.71,
51062,"Chloride, Stool",Stool,Chemistry,mEq/L,,2.71,
51063,"Osmolality, Stool",Stool,Chemistry,mOsm/kg,,2.71,
51064,"Potassium, Stool",Stool,Chemistry,mEq/L,,2.71,
51065,"Sodium, Stool",Stool,Chemistry,mEq/L,,2.71,
51066,24 hr Calcium,Urine,Chemistry,mg/24hr,,2.71,
51068,24 hr Protein,Urine,Chemistry,mg/24hr,,2.71,
51072,"Amylase, Urine",Urine,Chemistry,U/L,,2.71,
51073,"Amylase/Creatinine Ratio, Urine",Urine,Chemistry,Ratio,,2.71,
51080,Creatinine Clearance,Urine,Chemistry,mL/min,,2.71,
51081,"Creatinine, Serum",Urine,Chemistry,mg/dL,,2.71,
51083,"Ethanol, Urine",Urine,Chemistry,N/A,,2.71,
51084,"Glucose, Urine",Urine,Chemistry,mg/dL,,2.71,
51086,"Immunofixation, Urine",Urine,Chemistry,,,2.71,
51091,"Myoglobin, Urine",Urine,Chemistry,,,2.71,
51095,"Phosphate, Urine",Urine,Chemistry,mg/dL,,2.71,
51096,Porphobilinogen Screen,Urine,Chemistry,+/-,,2.71,
51101,Total Collection Time,Urine,Chemistry,hrs,,2.71,
51105,"Uric Acid, Urine",Urine,Chemistry,mg/dL,,2.71,
51106,Urine Creatinine,Urine,Chemistry,mg/dL,,2.71,
51109,"Urine Volume, Total",Urine,Chemistry,mL,,2.71,
51110,Atypical Lymphocytes,Ascites,Hematology,%,,2.71,
51111,Bands,Ascites,Hematology,%,,2.71,
51112,Basophils,Ascites,Hematology,%,,2.71,
51113,Blasts,Ascites,Hematology,%,,2.71,
51114,Eosinophils,Ascites,Hematology,%,,2.71,
51115,"Hematocrit, Ascites",Ascites,Hematology,%,,2.71,
51119,Metamyelocytes,Ascites,Hematology,%,,2.71,
51121,Myelocytes,Ascites,Hematology,%,,2.71,
51122,Nucleated RBC,Ascites,Hematology,%,,2.71,
51123,Other,Ascites,Hematology,%,,2.71,
51124,Plasma,Ascites,Hematology,%,,2.71,
51126,Promyelocytes,Ascites,Hematology,%,,2.71,
51129,Young,Ascites,Hematology,%,,2.71,
51135,ADP,Blood,Hematology,,,2.71,
51136,Alpha Antiplasmin,Blood,Hematology,,,2.71,
51138,Anticardiolipin Antibody IgG,Blood,Hematology,GPL,,2.71,
51139,Anticardiolipin Antibody IgM,Blood,Hematology,MPL,,2.71,
51140,Antithrombin,Blood,Hematology,%,,2.71,
51141,APT Test,Blood,Hematology,,,2.71,
51142,Arachadonic Acid,Blood,Hematology,,,2.71,
51149,Bleeding Time,Blood,Hematology,min,,2.71,
51150,Blood Parasite Smear,Blood,Hematology,N/A,,2.71,
51152,CD10,Blood,Hematology,,,2.71,
51153,CD103,Blood,Hematology,,,2.71,
51154,CD117,Blood,Hematology,,,2.71,
51155,CD11c,Blood,Hematology,,,2.71,
51156,CD13,Blood,Hematology,,,2.71,
51157,CD138,Blood,Hematology,,,2.71,
51158,CD14,Blood,Hematology,,,2.71,
51159,CD15,Blood,Hematology,,,2.71,
51161,CD16,Blood,Hematology,,,2.71,
51162,CD16/56 Absolute Count,Blood,Hematology,#/uL,,2.71,
51163,CD16/56%,Blood,Hematology,%,,2.71,
51164,CD19,Blood,Hematology,,,2.71,
51165,CD19 %,Blood,Hematology,%,,2.71,
51166,CD19 Absolute Count,Blood,Hematology,#/uL,,2.71,
51167,CD2,Blood,Hematology,,,2.71,
51168,CD20,Blood,Hematology,,,2.71,
51169,CD20 %,Blood,Hematology,%,,2.71,
51170,CD20 Absolute Count,Blood,Hematology,#/uL,,2.71,
51171,CD22,Blood,Hematology,,,2.71,
51172,CD23,Blood,Hematology,,,2.71,
51173,CD25,Blood,Hematology,,,2.71,
51174,CD3 %,Blood,Hematology,%,,2.71,
51175,CD3 Absolute Count,Blood,Hematology,#/uL,,2.71,
51177,CD33,Blood,Hematology,,,2.71,
51178,CD34,Blood,Hematology,%,,2.71,
51179,CD38,Blood,Hematology,,,2.71,
51182,CD41,Blood,Hematology,,,2.71,
51183,CD45,Blood,Hematology,,,2.71,
51184,CD5,Blood,Hematology,,,2.71,
51185,CD5 %,Blood,Hematology,%,,2.71,
51186,CD5 Absolute Count,Blood,Hematology,#/uL,,2.71,
51187,CD55,Blood,Hematology,,,2.71,
51188,CD56,Blood,Hematology,,,2.71,
51189,CD57,Blood,Hematology,,,2.71,
51190,CD59,Blood,Hematology,,,2.71,
51191,CD64,Blood,Hematology,,,2.71,
51192,CD7,Blood,Hematology,,,2.71,
51193,CD71,Blood,Hematology,,,2.71,
51195,Collagen,Blood,Hematology,,,2.71,
51198,Envelope Cells,Blood,Hematology,N/A,,2.71,
51199,Eosinophil Count,Blood,Hematology,#/uL,,2.71,
51201,Epinepherine,Blood,Hematology,,,2.71,
51202,Factor II,Blood,Hematology,%,,2.71,
51204,Factor V,Blood,Hematology,%,,2.71,
51205,Factor VII,Blood,Hematology,%,,2.71,
51206,Factor VIII,Blood,Hematology,%,,2.71,
51207,Factor VIII Inhibitor,Blood,Hematology,N/A,,2.71,
51208,Factor X,Blood,Hematology,%,,2.71,
51209,Factor XI,Blood,Hematology,%,,2.71,
51210,Factor XII,Blood,Hematology,%,,2.71,
51212,Fetal Hemoglobin,Blood,Hematology,%,,2.71,
51213,Fibrin Degradation Products,Blood,Hematology,ug/mL,,2.71,
51215,FMC-7,Blood,Hematology,,,2.71,
51216,Fragmented Cells,Blood,Hematology,N/A,,2.71,
51217,Glyco A,Blood,Hematology,,,2.71,
51220,Heinz Body Prep,Blood,Hematology,N/A,,2.71,
51228,Heparin,Blood,Hematology,U/mL|IU/mL,,2.71,
51229,"Heparin, LMW",Blood,Hematology,U/mL|IU/mL,,2.71,
51230,HLA-DR,Blood,Hematology,,,2.71,
51231,Howell-Jolly Bodies,Blood,Hematology,N/A,,2.71,
51234,Immunophenotyping,Blood,Hematology,,,2.71,
51235,Inhibitor Screen,Blood,Hematology,,,2.71,
51236,Inpatient Hematology/Oncology Smear,Blood,Hematology,,,2.71,
51238,Kappa,Blood,Hematology,,,2.71,
51239,Lambda,Blood,Hematology,,,2.71,
51240,Large Platelets,Blood,Hematology,,,2.71,
51241,Leukocyte Alkaline Phosphatase,Blood,Hematology,Score,,2.71,
51242,LUC,Blood,Hematology,%,,2.71,
51243,Lupus Anticoagulant,Blood,Hematology,N/A,,2.71,
51247,MacroOvalocytes,Blood,Hematology,N/A,,2.71,
51253,Monocyte Count,Blood,Hematology,#/uL,,2.71,
51258,Osmotic Fragility,Blood,Hematology,,,2.71,
51261,Pappenheimer Bodies,Blood,Hematology,N/A,,2.71,
51262,Pencil Cells,Blood,Hematology,N/A,,2.71,
51263,Plasma Cells,Blood,Hematology,%,,2.71,
51264,Platelet Clumps,Blood,Hematology,,,2.71,
51270,"Protein C, Antigen",Blood,Hematology,%,,2.71,
51271,"Protein C, Functional",Blood,Hematology,%,,2.71,
51272,"Protein S, Antigen",Blood,Hematology,%,,2.71,
51273,"Protein S, Functional",Blood,Hematology,%,,2.71,
51276,Quantitative G6PD,Blood,Hematology,U/g/Hb,,2.71,
51278,Red Blood Cell Fragments,Blood,Hematology,,,2.71,
51280,Reptilase Time,Blood,Hematology,sec,,2.71,
51281,Reptilase Time Control,Blood,Hematology,sec,,2.71,
51284,"Reticulocyte Count, Manual",Blood,Hematology,%,,2.71,
51285,"Reticulocyte, Cellular Hemoglobin",Blood,Hematology,,,2.71,
51286,Ristocetin,Blood,Hematology,,,2.71,
51289,Serum Viscosity,Blood,Hematology, ,,2.71,
51290,Sickle Cell Preparation,Blood,Hematology,N/A,,2.71,
51291,Sickle Cells,Blood,Hematology,N/A,,2.71,
51293,Sugar Water Test,Blood,Hematology,,,2.71,
51295,TdT,Blood,Hematology,,,2.71,
51297,Thrombin,Blood,Hematology,sec,,2.71,
51298,Von Willebrand Factor Activity,Blood,Hematology,%,,2.71,
51302,Young Cells,Blood,Hematology,%,,2.71,
51303,CD10,Bone Marrow,Hematology,,,2.71,
51304,CD103,Bone Marrow,Hematology,,,2.71,
51305,CD117,Bone Marrow,Hematology,,,2.71,
51306,CD11c,Bone Marrow,Hematology,,,2.71,
51307,CD13,Bone Marrow,Hematology,,,2.71,
51308,CD138,Bone Marrow,Hematology,,,2.71,
51309,CD14,Bone Marrow,Hematology,,,2.71,
51310,CD15,Bone Marrow,Hematology,,,2.71,
51311,CD16,Bone Marrow,Hematology,,,2.71,
51312,CD16/56,Bone Marrow,Hematology,,,2.71,
51313,CD19,Bone Marrow,Hematology,,,2.71,
51314,CD2,Bone Marrow,Hematology,,,2.71,
51315,CD20,Bone Marrow,Hematology,,,2.71,
51316,CD22,Bone Marrow,Hematology,,,2.71,
51317,CD23,Bone Marrow,Hematology,,,2.71,
51318,CD25,Bone Marrow,Hematology,,,2.71,
51319,CD3,Bone Marrow,Hematology,,,2.71,
51320,CD33,Bone Marrow,Hematology,,,2.71,
51321,CD34,Bone Marrow,Hematology,,,2.71,
51322,CD38,Bone Marrow,Hematology,,,2.71,
51323,CD4,Bone Marrow,Hematology,,,2.71,
51324,CD41,Bone Marrow,Hematology,,,2.71,
51325,CD45,Bone Marrow,Hematology,,,2.71,
51326,CD5,Bone Marrow,Hematology,,,2.71,
51327,CD55,Bone Marrow,Hematology,,,2.71,
51328,CD56,Bone Marrow,Hematology,,,2.71,
51329,CD57,Bone Marrow,Hematology,,,2.71,
51330,CD59,Bone Marrow,Hematology,,,2.71,
51331,CD64,Bone Marrow,Hematology,,,2.71,
51332,CD7,Bone Marrow,Hematology,,,2.71,
51333,CD71,Bone Marrow,Hematology,,,2.71,
51334,CD8,Bone Marrow,Hematology,,,2.71,
51335,FMC-7,Bone Marrow,Hematology,,,2.71,
51336,Glyco A,Bone Marrow,Hematology,,,2.71,
51337,HLA-DR,Bone Marrow,Hematology,,,2.71,
51338,Immunophenotyping,Bone Marrow,Hematology,,,2.71,
51339,Iron Stain,Bone Marrow,Hematology,,,2.71,
51340,Kappa,Bone Marrow,Hematology,,,2.71,
51341,Lambda,Bone Marrow,Hematology,,,2.71,
51342,Wright Giemsa,Bone Marrow,Hematology,,,2.71,
51365,Atypical Lymphocytes,Joint Fluid,Hematology,%,,2.71,
51366,Bands,Joint Fluid,Hematology,%,,2.71,
51367,Basophils,Joint Fluid,Hematology,%,,2.71,
51368,Eosinophils,Joint Fluid,Hematology,%,,2.71,
51369,"Hematocrit, Joint Fluid",Joint Fluid,Hematology,%,,2.71,
51370,"Joint Crystals, Birefringence",Joint Fluid,Hematology,,,2.71,
51371,"Joint Crystals, Comment",Joint Fluid,Hematology,,,2.71,
51372,"Joint Crystals, Location",Joint Fluid,Hematology,,,2.71,
51373,"Joint Crystals, Number",Joint Fluid,Hematology,,,2.71,
51374,"Joint Crystals, Shape",Joint Fluid,Hematology,,,2.71,
51375,Lymphocytes,Joint Fluid,Hematology,%,,2.71,
51376,Macrophage,Joint Fluid,Hematology,%,,2.71,
51377,Mesothelial Cells,Joint Fluid,Hematology,%,,2.71,
51378,Metamyelocytes,Joint Fluid,Hematology,%,,2.71,
51379,Monocytes,Joint Fluid,Hematology,%,,2.71,
51380,NRBC,Joint Fluid,Hematology,%,,2.71,
51381,Other,Joint Fluid,Hematology,%,,2.71,
51382,Polys,Joint Fluid,Hematology,%,,2.71,
51383,"RBC, Joint Fluid",Joint Fluid,Hematology,#/uL,,2.71,
51385,Atypical Lymphocytes,Other Body Fluid,Hematology,%,,2.71,
51386,Bands,Other Body Fluid,Hematology,%,,2.71,
51387,Basophils,Other Body Fluid,Hematology,%,,2.71,
51388,CD10,Other Body Fluid,Hematology,,,2.71,
51389,CD103,Other Body Fluid,Hematology,,,2.71,
51390,CD117,Other Body Fluid,Hematology,,,2.71,
51391,CD11c,Other Body Fluid,Hematology,,,2.71,
51392,CD13,Other Body Fluid,Hematology,,,2.71,
51393,CD138,Other Body Fluid,Hematology,,,2.71,
51394,CD14,Other Body Fluid,Hematology,,,2.71,
51395,CD15,Other Body Fluid,Hematology,,,2.71,
51396,CD16,Other Body Fluid,Hematology,,,2.71,
51397,CD16/56,Other Body Fluid,Hematology,,,2.71,
51398,CD19,Other Body Fluid,Hematology,,,2.71,
51399,CD2,Other Body Fluid,Hematology,,,2.71,
51400,CD20,Other Body Fluid,Hematology,,,2.71,
51401,CD22,Other Body Fluid,Hematology,,,2.71,
51402,CD23,Other Body Fluid,Hematology,,,2.71,
51403,CD25,Other Body Fluid,Hematology,,,2.71,
51404,CD3,Other Body Fluid,Hematology,,,2.71,
51405,CD33,Other Body Fluid,Hematology,,,2.71,
51406,CD34,Other Body Fluid,Hematology,#/uL,,2.71,
51407,CD38,Other Body Fluid,Hematology,,,2.71,
51408,CD4,Other Body Fluid,Hematology,,,2.71,
51409,CD4/CD8 Ratio,Other Body Fluid,Hematology,,,2.71,
51410,CD41,Other Body Fluid,Hematology,,,2.71,
51411,CD45,Other Body Fluid,Hematology,,,2.71,
51412,CD5,Other Body Fluid,Hematology,,,2.71,
51413,CD56,Other Body Fluid,Hematology,,,2.71,
51414,CD57,Other Body Fluid,Hematology,,,2.71,
51415,CD64,Other Body Fluid,Hematology,,,2.71,
51416,CD7,Other Body Fluid,Hematology,,,2.71,
51417,CD71,Other Body Fluid,Hematology,,,2.71,
51418,CD8,Other Body Fluid,Hematology,,,2.71,
51419,Eosinophils,Other Body Fluid,Hematology,%,,2.71,
51420,FMC-7,Other Body Fluid,Hematology,,,2.71,
51421,Glyco A,Other Body Fluid,Hematology,,,2.71,
51422,"Hematocrit, Other Fluid",Other Body Fluid,Hematology,%,,2.71,
51423,HLA-DR,Other Body Fluid,Hematology,,,2.71,
51424,Immunophenotyping,Other Body Fluid,Hematology,,,2.71,
51425,Kappa,Other Body Fluid,Hematology,,,2.71,
51426,Lambda,Other Body Fluid,Hematology,,,2.71,
51427,Lymphocytes,Other Body Fluid,Hematology,%,,2.71,
51428,Macrophage,Other Body Fluid,Hematology,%,,2.71,
51429,Mesothelial cells,Other Body Fluid,Hematology,%,,2.71,
51430,Metamyelocytes,Other Body Fluid,Hematology,%,,2.71,
51431,Monos,Other Body Fluid,Hematology,%,,2.71,
51432,Myelocytes,Other Body Fluid,Hematology,%,,2.71,
51433,NRBC,Other Body Fluid,Hematology,%,,2.71,
51434,Other Cell,Other Body Fluid,Hematology,%,,2.71,
51435,Plasma,Other Body Fluid,Hematology,%,,2.71,
51436,Polys,Other Body Fluid,Hematology,%,,2.71,
51437,Promyelocytes,Other Body Fluid,Hematology,%,,2.71,
51438,"RBC, Other Fluid",Other Body Fluid,Hematology,#/uL,,2.71,
51440,Atypical Lymphocytes,Pleural,Hematology,%,,2.71,
51441,Bands,Pleural,Hematology,%,,2.71,
51442,Basophils,Pleural,Hematology,%,,2.71,
51443,Blasts,Pleural,Hematology,%,,2.71,
51444,Eosinophils,Pleural,Hematology,%,,2.71,
51445,"Hematocrit, Pleural",Pleural,Hematology,%,,2.71,
51447,Macrophages,Pleural,Hematology,%,,2.71,
51448,Mesothelial Cells,Pleural,Hematology,%,,2.71,
51449,Metamyelocytes,Pleural,Hematology,%,,2.71,
51451,Myelocytes,Pleural,Hematology,%,,2.71,
51452,NRBC,Pleural,Hematology,%,,2.71,
51453,Other,Pleural,Hematology,%,,2.71,
51454,Plasma Cells,Pleural,Hematology,%,,2.71,
51456,Promyelocytes,Pleural,Hematology,%,,2.71,
51457,"RBC, Pleural",Pleural,Hematology,#/uL,,2.71,
51459,Young Cells,Pleural,Hematology,%,,2.71,
51460,"Blood, Occult",Stool,Hematology,N/A,,2.71,
51461,Ammonium Biurate,Urine,Hematology,/hpf,,2.71,
51465,Bilirubin Crystals,Urine,Hematology,/hpf,,2.71,
51467,Broad Casts,Urine,Hematology,#/lpf,,2.71,
51468,Calcium Carbonate Crystals,Urine,Hematology,/hpf,,2.71,
51470,Calcium Phosphate Crystals,Urine,Hematology,/hpf,,2.71,
51471,Cellular Cast,Urine,Hematology,#/lpf,,2.71,
51472,Cholesterol Crystals,Urine,Hematology,/hpf,,2.71,
51474,Eosinophils,Urine,Hematology,,,2.71,
51475,Epithelial Casts,Urine,Hematology,#/lpf,,2.71,
51477,Free Fat,Urine,Hematology,,,2.71,
51480,Hematocrit,Urine,Hematology,%,,2.71,
51481,Hemosiderin,Urine,Hematology,N/A,,2.71,
51483,Hyphenated Yeast,Urine,Hematology,,,2.71,
51485,Leucine Crystals,Urine,Hematology,,,2.71,
51488,Non-squamous Epithelial Cells,Urine,Hematology,#/hpf,,2.71,
51489,NonSquamous Epithelial Cell,Urine,Hematology,#/hpf,,2.71,
51490,Oval Fat Body,Urine,Hematology,/hpf,,2.71,
51494,RBC Casts,Urine,Hematology,#/lpf,,2.71,
51495,RBC Clumps,Urine,Hematology,/hpf,,2.71,
51496,"Reducing Substances, Urine",Urine,Hematology,%,,2.71,
51497,Renal Epithelial Cells,Urine,Hematology,#/hpf,,2.71,
51499,Sperm,Urine,Hematology,,,2.71,
51500,Sulfonamides,Urine,Hematology,,,2.71,
51502,Trichomonas,Urine,Hematology,/hpf,,2.71,
51503,Triple Phosphate Crystals,Urine,Hematology,/hpf,,2.71,
51504,Tyrosine Crystals,Urine,Hematology,,,2.71,
51505,Uric Acid Crystals,Urine,Hematology,/hpf,,2.71,
51507,"Urine Casts, Other",Urine,Hematology,#/lpf,,2.71,
51509,Urine Comments,Urine,Hematology,,,2.71,
51510,"Urine Crystals, Other",Urine,Hematology,/hpf,,2.71,
51511,Urine Fat Bodies,Urine,Hematology,,,2.71,
51513,Urine Specimen Type,Urine,Hematology,,,2.71,
51515,Waxy Casts,Urine,Hematology,#/lpf,,2.71,
51517,WBC Casts,Urine,Hematology,#/lpf,,2.71,
51520,(Albumin),Ascites,Chemistry,,,2.71,
51521,Alpha-1,Ascites,Chemistry,,,2.71,
51522,Alpha-2,Ascites,Chemistry,,,2.71,
51523,Beta,Ascites,Chemistry,,,2.71,
51524,Clostrid,Ascites,Chemistry,,,2.71,
51525,Cryptococ,Ascites,Chemistry,,,2.71,
51526,Fl Scan,Ascites,Chemistry,,,2.71,
51527,"Immunoelectrophoresis, Ascites",Ascites,Chemistry,,,2.71,
51528,"Immunoglobulin G, Ascites",Ascites,Chemistry,,,2.71,
51529,"PEP, Ascites, Gamma Region",Ascites,Chemistry,,,2.71,
51530,"Uric Acid, Ascites",Ascites,Chemistry,,,2.71,
51531,Voided Specimen,Ascites,Chemistry,,,2.71,
51532,11-Deoxycorticosterone,Blood,Chemistry,,,2.71,
51533,3t,Blood,Chemistry,,,2.71,
51534,4t,Blood,Chemistry,,,2.71,
51535,5' Nucleotidase,Blood,Chemistry,,,2.71,
51536,Absolute Lymphocyte Count,Blood,Chemistry,,,2.71,
51537,Absolute Neutrophil,Blood,Chemistry,,,2.71,
51538,Absolute Other WBC,Blood,Chemistry,,,2.71,
51539,"Acid Phosphatase, Prostatic Fraction",Blood,Chemistry,,,2.71,
51540,Adrenocorticotrophic Hormone,Blood,Chemistry,,,2.71,
51541,Afp Mom,Blood,Chemistry,,,2.71,
51542,(Albumin),Blood,Chemistry,,,2.71,
51543,Aldosterone,Blood,Chemistry,,,2.71,
51544,Aldosterone,Blood,Chemistry,,,2.71,
51545,Alpha-1,Blood,Chemistry,,,2.71,
51546,Alpha-1-antitrypsin,Blood,Chemistry,,,2.71,
51547,Alpha-2,Blood,Chemistry,,,2.71,
51548,ANCA Titer,Blood,Chemistry,,,2.71,
51549,Anti-GBM Antibody,Blood,Chemistry,,,2.71,
51550,Anti Hav,Blood,Chemistry,,,2.71,
51551,Anti Hbc,Blood,Chemistry,,,2.71,
51552,Anti Hbe,Blood,Chemistry,,,2.71,
51553,Anti-hbs,Blood,Chemistry,,,2.71,
51554,Anti Hbs,Blood,Chemistry,,,2.71,
51555,Anti-la,Blood,Chemistry,,,2.71,
51556,Anti-Microsomal Antibodies,Blood,Chemistry,,,2.71,
51557,Anti-Microsomal Antibody,Blood,Chemistry,,,2.71,
51558,Antirnp,Blood,Chemistry,,,2.71,
51559,Anti-ro,Blood,Chemistry,,,2.71,
51560,Anti-Skin Antibody,Blood,Chemistry,,,2.71,
51561,Anti-sm,Blood,Chemistry,,,2.71,
51563,Argon,Blood,Chemistry,,,2.71,
51564,Beta,Blood,Chemistry,,,2.71,
51565,Beta Hydroxybutyrate,Blood,Chemistry,mmol/L,,2.71,
51566,"Bilirubin, Neonatal",Blood,Chemistry,,,2.71,
51567,"Bilirubin, Neonatal, Direct",Blood,Chemistry,,,2.71,
51568,"Bilirubin, Neonatal, Indirect",Blood,Chemistry,,,2.71,
51569,Billed,Blood,Chemistry,,,2.71,
51570,Bioavailable Testosterone,Blood,Chemistry,,,2.71,
51571,Bromide,Blood,Chemistry,,,2.71,
51572,C1 Inhibitor,Blood,Chemistry,,,2.71,
51573,C1q,Blood,Chemistry,,,2.71,
51574,C2,Blood,Chemistry,,,2.71,
51575,C5,Blood,Chemistry,,,2.71,
51576,C6,Blood,Chemistry,,,2.71,
51577,CA 19-9,Blood,Chemistry,U/mL,,2.71,
51578,Calculated CK-MB,Blood,Chemistry,,,2.71,
51579,Carotene,Blood,Chemistry,,,2.71,
51580,CH50,Blood,Chemistry,,,2.71,
51581,Chol Estr,Blood,Chemistry,,,2.71,
51582,Chylomicrons,Blood,Chemistry,,,2.71,
51583,Clostrid,Blood,Chemistry,,,2.71,
51584,CMV IgG Ab,Blood,Chemistry,,,2.71,
51585,CMV IgG Ab Value,Blood,Chemistry,,,2.71,
51586,CMV IgM Ab,Blood,Chemistry,,,2.71,
51587,CMV IgM Ab Value,Blood,Chemistry,,,2.71,
51588,CMV Interpretation,Blood,Chemistry,,,2.71,
51589,Confirmation,Blood,Chemistry,,,2.71,
51590,Conj Bili,Blood,Chemistry,,,2.71,
51591,Copper,Blood,Chemistry,,,2.71,
51592,"Creatine Kinase, Isoenzyme BB",Blood,Chemistry,,,2.71,
51593,"Creatine Kinase, Isoenzyme MB",Blood,Chemistry,,,2.71,
51594,"Creatine Kinase, Isoenzyme MM",Blood,Chemistry,,,2.71,
51595,Cvhlc,Blood,Chemistry,,,2.71,
51596,Cytomegalovirus Viral Load,Blood,Chemistry,log10 IU/mL,,2.71,
51597,D,Blood,Chemistry,,,2.71,
51598,Delete,Blood,Chemistry,,,2.71,
51599,Delete,Blood,Chemistry,,,2.71,
51600,Delete,Blood,Chemistry,,,2.71,
51601,Delete,Blood,Chemistry,,,2.71,
51602,Delete,Blood,Chemistry,,,2.71,
51603,Delta/Dlt,Blood,Chemistry,,,2.71,
51604,Digitoxin,Blood,Chemistry,,,2.71,
51605,"Dimeric Inhibin A, Maternal Screen",Blood,Chemistry,,,2.71,
51606,DirLst,Blood,Chemistry,,,2.71,
51607,Disopyramide,Blood,Chemistry,,,2.71,
51608,Dlta Bili,Blood,Chemistry,,,2.71,
51609,Down Syndrome Risk,Blood,Chemistry,,,2.71,
51610,Dr. X,Blood,Chemistry,,,2.71,
51612,Epstein-Barr Virus  EBNA IgG Ab,Blood,Chemistry,,,2.71,
51613,Epstein-Barr Virus EBNA IgG Ab,Blood,Chemistry,,,2.71,
51614,Epstein-Barr Virus IgG Ab Value,Blood,Chemistry,,,2.71,
51615,Epstein-Barr Virus IgM Ab Value,Blood,Chemistry,,,2.71,
51616,Epstein-Barr Virus Interpretation,Blood,Chemistry,,,2.71,
51617,Epstein-Barr Virus VCA IgG Ab,Blood,Chemistry,,,2.71,
51618,Epstein-Barr Virus VCA IgM Ab,Blood,Chemistry,,,2.71,
51619,Ethylene Glycol,Blood,Chemistry,mg/dL,,2.71,
51620,Factor B,Blood,Chemistry,,,2.71,
51621,Fibrinogen,Blood,Chemistry,,,2.71,
51622,Free Calcium,Blood,Chemistry,,,2.71,
51626,Fructosamine,Blood,Chemistry,,,2.71,
51627,Fructosamine Plus,Blood,Chemistry,,,2.71,
51628,Gamma,Blood,Chemistry,,,2.71,
51629,Glycated Hemoglobin,Blood,Chemistry,,,2.71,
51630,Growth Hormone,Blood,Chemistry,,,2.71,
51631,Hbeag,Blood,Chemistry,,,2.71,
51632,Hbsag,Blood,Chemistry,,,2.71,
51633,Hbsag,Blood,Chemistry,,,2.71,
51634,"HCG, Multiples of Median",Blood,Chemistry,,,2.71,
51635,"HCG, Qualitative",Blood,Chemistry,,,2.71,
51636,Hematocrit,Blood,Chemistry,%,,2.71,
51637,Hematocrit,Blood,Chemistry,,,2.71,
51638,Hemoglobin,Blood,Chemistry,,,2.71,
51639,Hemoglobin  A,Blood,Chemistry,,,2.71,
51640,Hemoglobin  A1,Blood,Chemistry,,,2.71,
51641,Hemoglobin  A2,Blood,Chemistry,,,2.71,
51642,Hemoglobin  C,Blood,Chemistry,,,2.71,
51643,"Hemoglobin, Calculated",Blood,Chemistry,g/dL,,2.71,
51644,Hemoglobin  F,Blood,Chemistry,,,2.71,
51645,Hemoglobin  S,Blood,Chemistry,,,2.71,
51646,Hepatitis B Viral Load,Blood,Chemistry,log10 IU/mL,,2.71,
51647,Hepatitis B Virus E Antibody,Blood,Chemistry,,,2.71,
51648,Hepatitis B Virus E Antigen,Blood,Chemistry,,,2.71,
51649,Hepatitis C Viral Load,Blood,Chemistry,log10 IU/mL,,2.71,
51650,High-Sensitivity CRP,Blood,Chemistry,mg/L,,2.71,
51651,HIV 1 Ab Confirmation,Blood,Chemistry,N/A,,2.71,
51652,HIV 1 Viral Load,Blood,Chemistry,log10 copies/mL|log10 cop/mL,,2.71,
51653,HIV 2 Ab Confirmation,Blood,Chemistry,N/A,,2.71,
51654,Hlap,Blood,Chemistry,,,2.71,
51658,HPE4,Blood,Chemistry,,,2.71,
51659,HPE5,Blood,Chemistry,,,2.71,
51660,HPE6,Blood,Chemistry,,,2.71,
51662,HPE8,Blood,Chemistry,,,2.71,
51663,HPE9,Blood,Chemistry,,,2.71,
51664,H. pylori IgG Ab,Blood,Chemistry,,,2.71,
51665,H. pylori IgG Ab Value,Blood,Chemistry,,,2.71,
51666,Hsap,Blood,Chemistry,,,2.71,
51667,Htlv Ab,Blood,Chemistry,,,2.71,
51668,Icd9,Blood,Chemistry,,,2.71,
51669,IFEgel,Blood,Chemistry,,,2.71,
51670,Immune Complexes,Blood,Chemistry,,,2.71,
51671,Immunoelectrophoresis,Blood,Chemistry,,,2.71,
51672,Immunoglobulin E,Blood,Chemistry,,,2.71,
51673,INR(PT),Blood,Chemistry,,,2.71,
51674,Insulin,Blood,Chemistry,,,2.71,
51675,K (GREEN),Blood,Chemistry,mEq/L,,2.71,
51677,Lap,Blood,Chemistry,,,2.71,
51678,"LD, Isoenzyme 1",Blood,Chemistry,,,2.71,
51679,"LD, Isoenzyme 2",Blood,Chemistry,,,2.71,
51680,"LD, Isoenzyme 3",Blood,Chemistry,,,2.71,
51681,"LD, Isoenzyme 4",Blood,Chemistry,,,2.71,
51682,"LD, Isoenzyme 5",Blood,Chemistry,,,2.71,
51683,Lidocaine,Blood,Chemistry,,,2.71,
51684,Lip2,Blood,Chemistry,,,2.71,
51685,Lipo Electrophoresis,Blood,Chemistry,,,2.71,
51686,Lyme C6 Ab,Blood,Chemistry,,,2.71,
51687,Lyme G and M Value,Blood,Chemistry,,,2.71,
51688,Lymphocytes,Blood,Chemistry,,,2.71,
51689,MCV,Blood,Chemistry,,,2.71,
51690,"Monospot, Rapid Antigen",Blood,Chemistry,,,2.71,
51691,Mumps IgG Ab,Blood,Chemistry,,,2.71,
51692,Mumps IgG Ab Value,Blood,Chemistry,,,2.71,
51693,Myoglobin,Blood,Chemistry,,,2.71,
51694,Neural Tube Defect Risk,Blood,Chemistry,,,2.71,
51695,Neutrophils,Blood,Chemistry,mmol/L,,2.71,
51696,No MD,Blood,Chemistry,,,2.71,
51697,Not Done,Blood,Chemistry,,,2.71,
51698,Np-fx,Blood,Chemistry,,,2.71,
51699,"Osmolality, Calculated",Blood,Chemistry,,,2.71,
51700,Park,Blood,Chemistry,,,2.71,
51701,PEPgel,Blood,Chemistry,,,2.71,
51702,Platelet Count,Blood,Chemistry,,,2.71,
51703,Primidone,Blood,Chemistry,,,2.71,
51705,Progesterone,Blood,Chemistry,,,2.71,
51706,Qnthbsab,Blood,Chemistry,,,2.71,
51707,Quantitative RPR Test,Blood,Chemistry,,,2.71,
51708,Rapid Plasma Reagin Test,Blood,Chemistry,,,2.71,
51709,Red Blood Cells,Blood,Chemistry,,,2.71,
51710,Referred,Blood,Chemistry,,,2.71,
51711,Reflex Confirmatory Hepatitis C Viral Load,Blood,Chemistry,,,2.71,
51712,Reflex HIV Confirmation,Blood,Chemistry,,,2.71,
51713,Renin,Blood,Chemistry,,,2.71,
51714,Renin,Blood,Chemistry,,,2.71,
51715,Reserved,Blood,Chemistry,,,2.71,
51716,Reserved1,Blood,Chemistry,,,2.71,
51717,Reserved3,Blood,Chemistry,,,2.71,
51718,Reserved4,Blood,Chemistry,,,2.71,
51719,Reverse T3,Blood,Chemistry,,,2.71,
51720,RFXLDLM,Blood,Chemistry,,,2.71,
51721,Rubella,Blood,Chemistry,,,2.71,
51722,Rubella IgG Ab,Blood,Chemistry,,,2.71,
51723,Rubeola IgG Ab,Blood,Chemistry,,,2.71,
51724,Rubeola IgG Ab Value,Blood,Chemistry,,,2.71,
51725,Send Out,Blood,Chemistry,,,2.71,
51726,Serum B12,Blood,Chemistry,,,2.71,
51727,Serum B12,Blood,Chemistry,,,2.71,
51728,Serum Folate,Blood,Chemistry,,,2.71,
51729,Single Stranded DNA,Blood,Chemistry,,,2.71,
51736,Thyroid Binding Globulin,Blood,Chemistry,,,2.71,
51737,Total CO2,Blood,Chemistry,mEq/L,,2.71,
51738,Toxic Screen,Blood,Chemistry,,,2.71,
51739,Toxoplasma IgG Ab,Blood,Chemistry,,,2.71,
51740,Toxoplasma IgG Ab Value,Blood,Chemistry,,,2.71,
51741,Toxoplasma IgM Ab,Blood,Chemistry,,,2.71,
51742,Toxoplasma IgM Ab Value,Blood,Chemistry,,,2.71,
51743,Toxoplasma Interpretation,Blood,Chemistry,,,2.71,
51744,Transferrin Saturation,Blood,Chemistry,,,2.71,
51745,Treponemal Antibody Test,Blood,Chemistry,,,2.71,
51746,Treponema pallidum (Syphilis) Ab,Blood,Chemistry,,,2.71,
51747,Treponema pallidum (syphilis) value,Blood,Chemistry,,,2.71,
51748,"UE3, Multiples of Median",Blood,Chemistry,,,2.71,
51749,Uncon Bil,Blood,Chemistry,,,2.71,
51751,VZV IgG Ab,Blood,Chemistry,,,2.71,
51752,VZV IgG Ab Value,Blood,Chemistry,,,2.71,
51753,White Blood Cells,Blood,Chemistry,K/uL,,2.71,
51754,White Blood Cells,Blood,Chemistry,,,2.71,
51755,Xxx,Blood,Chemistry,,,2.71,
51756,Xylose,Blood,Chemistry,,,2.71,
51757,Z,Blood,Chemistry,,,2.71,
51758,Z,Blood,Chemistry,,,2.71,
51759,Zinc,Blood,Chemistry,,,2.71,
51760,EE1,Blood,Chemistry,,,2.71,
51761,EE2,Blood,Chemistry,,,2.71,
51762,EE7,Blood,Chemistry,,,2.71,
51763,EE3,Blood,Chemistry,,,2.71,
51764,EE4,Blood,Chemistry,,,2.71,
51765,EE5,Blood,Chemistry,,,2.71,
51766,EE6,Blood,Chemistry,,,2.71,
51767,RUBIgGV,Blood,Chemistry,,,2.71,
51768,MDRDgfr,Blood,Chemistry,,,2.71,
51769,,Blood,Chemistry,,,2.71,
51770,PAN3,Blood,Chemistry,,,2.71,
51771,RFXFRKL,Blood,Chemistry,,,2.71,
51772,RFXHCV,Blood,Chemistry,,,2.71,
51773,<Albumin>,Cerebrospinal Fluid,Chemistry,mg/dL,,2.71,
51774,(Albumin),Cerebrospinal Fluid,Chemistry,,,2.71,
51775,"Albumin, CSF",Cerebrospinal Fluid,Chemistry,,,2.71,
51776,Alpha-1,Cerebrospinal Fluid,Chemistry,,,2.71,
51777,Alpha-2,Cerebrospinal Fluid,Chemistry,,,2.71,
51778,"Amylase, CSF",Cerebrospinal Fluid,Chemistry,,,2.71,
51779,Beta,Cerebrospinal Fluid,Chemistry,,,2.71,
51780,"Bicarbonate, CSF",Cerebrospinal Fluid,Chemistry,,,2.71,
51781,"Bilirubin, Total, CSF",Cerebrospinal Fluid,Chemistry,mg/dL,,2.71,
51782,"Chloride, CSF",Cerebrospinal Fluid,Chemistry,mEq/L,,2.71,
51783,"Cholesterol, CSF",Cerebrospinal Fluid,Chemistry,,,2.71,
51784,Clostrid,Cerebrospinal Fluid,Chemistry,,,2.71,
51785,"Creatinine, CSF",Cerebrospinal Fluid,Chemistry,,,2.71,
51786,Cryptococ,Cerebrospinal Fluid,Chemistry,,,2.71,
51787,Fl Scan,Cerebrospinal Fluid,Chemistry,,,2.71,
51789,HIV 1 Viral Load,Cerebrospinal Fluid,Chemistry,log10 copies/mL,,2.71,
51790,"Immunoelectrophoresis, CSF",Cerebrospinal Fluid,Chemistry,,,2.71,
51791,"Immunoglobulin G, CSF",Cerebrospinal Fluid,Chemistry,,,2.71,
51792,"Immunoglobulin G, CSF",Cerebrospinal Fluid,Chemistry,,,2.71,
51793,"Lactate Dehydrogenase, CSF",Cerebrospinal Fluid,Chemistry,IU/L,,2.71,
51794,"Miscellaneous, CSF",Cerebrospinal Fluid,Chemistry,,,2.71,
51795,"Osmolality, CSF",Cerebrospinal Fluid,Chemistry,,,2.71,
51796,"PEP, CSF",Cerebrospinal Fluid,Chemistry,,,2.71,
51797,"PEP, CSF, Gamma Region",Cerebrospinal Fluid,Chemistry,,,2.71,
51798,"Potassium, CSF",Cerebrospinal Fluid,Chemistry,,,2.71,
51799,"Sodium, CSF",Cerebrospinal Fluid,Chemistry,,,2.71,
51801,"Triglycerides, CSF",Cerebrospinal Fluid,Chemistry,,,2.71,
51802,"Urea Nitrogen, CSF",Cerebrospinal Fluid,Chemistry,,,2.71,
51803,"Uric Acid, CSF",Cerebrospinal Fluid,Chemistry,,,2.71,
51804,Voided Specimen,Cerebrospinal Fluid,Chemistry,,,2.71,
51805,(Albumin),Joint Fluid,Chemistry,,,2.71,
51806,Alpha-1,Joint Fluid,Chemistry,,,2.71,
51807,Alpha-2,Joint Fluid,Chemistry,,,2.71,
51808,Beta,Joint Fluid,Chemistry,,,2.71,
51809,"Bicarbonate,Joint Fluid",Joint Fluid,Chemistry,,,2.71,
51810,"Bilirubin, Total, Joint Fluid",Joint Fluid,Chemistry,,,2.71,
51811,"Chloride, Joint Fluid",Joint Fluid,Chemistry,,,2.71,
51812,"Cholesterol, Joint Fluid",Joint Fluid,Chemistry,,,2.71,
51813,Clostrid,Joint Fluid,Chemistry,,,2.71,
51814,Cryptococ,Joint Fluid,Chemistry,,,2.71,
51815,Fl Scan,Joint Fluid,Chemistry,,,2.71,
51816,"IgG, Joint Fluid",Joint Fluid,Chemistry,,,2.71,
51817,"Immunoelectrophoresis, Joint Fluid",Joint Fluid,Chemistry,,,2.71,
51818,"Osmolality, Joint Fluid",Joint Fluid,Chemistry,,,2.71,
51819,"PEP, Joint Fluid, Gamma Region",Joint Fluid,Chemistry,,,2.71,
51820,"Potassium, Joint Fluid",Joint Fluid,Chemistry,,,2.71,
51821,"Sodium, Joint Fluid",Joint Fluid,Chemistry,,,2.71,
51822,"Triglycerides, Joint Fluid",Joint Fluid,Chemistry,,,2.71,
51823,"Urea Nitrogen, Joint Fluid",Joint Fluid,Chemistry,,,2.71,
51824,"Uric Acid, Joint Fluid",Joint Fluid,Chemistry,mg/dL,,2.71,
51825,Voided Specimen,Joint Fluid,Chemistry,,,2.71,
51826,Voided Specimen,Bone Marrow,Chemistry,,,2.71,
51827,72 Hr Fat,Other Body Fluid,Chemistry,,,2.71,
51828,Acid BAO,Other Body Fluid,Chemistry,,,2.71,
51829,Acid MAO,Other Body Fluid,Chemistry,,,2.71,
51830,Adenovirus,Other Body Fluid,Chemistry,,,2.71,
51831,"AFP, Amniotic Fluid",Other Body Fluid,Chemistry,,,2.71,
51832,"AFP, Body Fluid",Other Body Fluid,Chemistry,,,2.71,
51833,(Albumi,Other Body Fluid,Chemistry,,,2.71,
51834,<Albumin>,Other Body Fluid,Chemistry,,,2.71,
51835,Alpha-1,Other Body Fluid,Chemistry,,,2.71,
51836,Alpha-2,Other Body Fluid,Chemistry,,,2.71,
51837,Anat Path Hold,Other Body Fluid,Chemistry,,,2.71,
51838,Beta,Other Body Fluid,Chemistry,,,2.71,
51839,"Blood, Occult",Other Body Fluid,Chemistry,,,2.71,
51840,Bun,Other Body Fluid,Chemistry,,,2.71,
51841,C. diff PCR,Other Body Fluid,Chemistry,,,2.71,
51842,C diff Toxin Antigen Assay,Other Body Fluid,Chemistry,,,2.71,
51843,Chlamydia pneumoniae,Other Body Fluid,Chemistry,,,2.71,
51845,Clostrid,Other Body Fluid,Chemistry,,,2.71,
51846,"Coronavirus, NOT CoVID-19",Other Body Fluid,Chemistry,,,2.71,
51847,COVID-19,Other Body Fluid,Chemistry,,,2.71,
51848,Cryptococ,Other Body Fluid,Chemistry,,,2.71,
51849,"DSPC, Amniotic Fluid",Other Body Fluid,Chemistry,,,2.71,
51850,Epr,Other Body Fluid,Chemistry,,,2.71,
51851,Fl Scan,Other Body Fluid,Chemistry,,,2.71,
51852,HIV 1 Viral Load,Other Body Fluid,Chemistry,,,2.71,
51853,Human Metapneumovirus,Other Body Fluid,Chemistry,,,2.71,
51854,Human Rhinovirus/Enterovirus,Other Body Fluid,Chemistry,,,2.71,
51855,"Immunoelectrophoresis, Fluid",Other Body Fluid,Chemistry,,,2.71,
51856,"Immunoglobulin G, Body Fluid",Other Body Fluid,Chemistry,,,2.71,
51857,Influenza A,Other Body Fluid,Chemistry,,,2.71,
51858,Influenza A by PCR,Other Body Fluid,Chemistry,,,2.71,
51860,Influenza A H1,Other Body Fluid,Chemistry,,,2.71,
51861,Influenza A H1-2009,Other Body Fluid,Chemistry,,,2.71,
51862,Influenza A H3,Other Body Fluid,Chemistry,,,2.71,
51863,"Influenza A, Rapid Antigen",Other Body Fluid,Chemistry,,,2.71,
51864,"Influenza A, Rapid Antigen",Other Body Fluid,Chemistry,,,2.71,
51865,Influenza B,Other Body Fluid,Chemistry,,,2.71,
51866,Influenza B by PCR,Other Body Fluid,Chemistry,,,2.71,
51868,"Influenza B, Rapid Antigen",Other Body Fluid,Chemistry,,,2.71,
51869,"Influenza B, Rapid Antigen",Other Body Fluid,Chemistry,,,2.71,
51870,"L/S Ratio, Amniotic Fluid",Other Body Fluid,Chemistry,,,2.71,
51871,MRSA PCR,Other Body Fluid,Chemistry,,,2.71,
51872,Mycoplasma pneumoniae,Other Body Fluid,Chemistry,,,2.71,
51874,Norovirus Genogroup I,Other Body Fluid,Chemistry,,,2.71,
51875,Norovirus Genogroup II,Other Body Fluid,Chemistry,,,2.71,
51876,O & P,Other Body Fluid,Chemistry,,,2.71,
51877,Parainfluenza 1,Other Body Fluid,Chemistry,,,2.71,
51878,Parainfluenza 2,Other Body Fluid,Chemistry,,,2.71,
51879,Parainfluenza 3,Other Body Fluid,Chemistry,,,2.71,
51880,Parainfluenza 4,Other Body Fluid,Chemistry,,,2.71,
51881,"PEP, Body Fluid",Other Body Fluid,Chemistry,,,2.71,
51882,"PEP, Body Fluid, Gamma Region",Other Body Fluid,Chemistry,,,2.71,
51883,Phosphatidylglycerol,Other Body Fluid,Chemistry,,,2.71,
51884,Respiratory Syncytial Virus A,Other Body Fluid,Chemistry,,,2.71,
51885,Respiratory Syncytial Virus B,Other Body Fluid,Chemistry,,,2.71,
51886,Staph aureus PCR,Other Body Fluid,Chemistry,,,2.71,
51887,"Strep A, Rapid Antigen",Other Body Fluid,Chemistry,,,2.71,
51888,"Strep A, Rapid Antigen",Other Body Fluid,Chemistry,,,2.71,
51889,Sudan Stain,Other Body Fluid,Chemistry,,,2.71,
51890,Surfactant/Albumin,Other Body Fluid,Chemistry,mg/g,,2.71,
51891,Surf/Alb,Other Body Fluid,Chemistry,,,2.71,
51892,Trichomonas vaginalis,Other Body Fluid,Chemistry,N/A,,2.71,
51893,"Uric Acid, Body Fluid",Other Body Fluid,Chemistry,,,2.71,
51894,Voided Specimen,Other Body Fluid,Chemistry,,,2.71,
51895,Vpf,Other Body Fluid,Chemistry,,,2.71,
51897,PAN2,Other Body Fluid,Chemistry,,,2.71,
51898, ,Other Body Fluid,Chemistry,,,2.71,
51899,reuse,Other Body Fluid,Chemistry,,,2.71,
51900,reuse1,Other Body Fluid,Chemistry,,,2.71,
51901,COV1,Other Body Fluid,Chemistry,,,2.71,
51902,COV2,Other Body Fluid,Chemistry,,,2.71,
51903,COV3,Other Body Fluid,Chemistry,,,2.71,
51904,COV4,Other Body Fluid,Chemistry,,,2.71,
51905,(Albumin),Pleural,Chemistry,,,2.71,
51906,Alpha-1,Pleural,Chemistry,,,2.71,
51907,Alpha-2,Pleural,Chemistry,,,2.71,
51908,Beta,Pleural,Chemistry,,,2.71,
51909,Clostrid,Pleural,Chemistry,,,2.71,
51910,Cryptococ,Pleural,Chemistry,,,2.71,
51911,Fl Scan,Pleural,Chemistry,,,2.71,
51912,"Immunoelectrophoresis, Pleural",Pleural,Chemistry,,,2.71,
51913,"Immunoglobulin G, Pleural",Pleural,Chemistry,,,2.71,
51914,"Osmolality, Pleural",Pleural,Chemistry,,,2.71,
51915,"PEP, Pleural, Gamma Region",Pleural,Chemistry,,,2.71,
51916,"proBNP, Pleural",Pleural,Chemistry,pg/mL,,2.71,
51917,"Urea Nitrogen, Pleural",Pleural,Chemistry,mg/dL,,2.71,
51918,"Uric Acid, Pleural",Pleural,Chemistry,,,2.71,
51919,Voided Specimen,Pleural,Chemistry,,,2.71,
51920,72 Hr Fat,Stool,Chemistry,,,2.71,
51921,(Albumin),Stool,Chemistry,,,2.71,
51922,"Albumin, Stool",Stool,Chemistry,g/dL,,2.71,
51923,Alpha-1,Stool,Chemistry,,,2.71,
51924,Alpha-2,Stool,Chemistry,,,2.71,
51925,"Amylase, Stool",Stool,Chemistry,,,2.71,
51926,Beta,Stool,Chemistry,,,2.71,
51927,"Bilirubin, Total, Stool",Stool,Chemistry,,,2.71,
51928,C. diff PCR,Stool,Chemistry,,,2.71,
51929,C Diff Toxin Antigen Assay,Stool,Chemistry,,,2.71,
51930,"Cholesterol, Stool",Stool,Chemistry,,,2.71,
51931,Clostrid,Stool,Chemistry,,,2.71,
51932,"Creatinine, Stool",Stool,Chemistry,,,2.71,
51933,Cryptococ,Stool,Chemistry,,,2.71,
51934,Fl Scan,Stool,Chemistry,,,2.71,
51935,Gamma,Stool,Chemistry,,,2.71,
51936,"Glucose, Stool",Stool,Chemistry,,,2.71,
51937,"IgG, Stool",Stool,Chemistry,,,2.71,
51938,"Immunoelectrophoresis, Stool",Stool,Chemistry,,,2.71,
51939,"Lactate Dehydrogenase, Stool",Stool,Chemistry,,,2.71,
51940,Norovirus Genogroup I,Stool,Chemistry,,,2.71,
51941,Norovirus Genogroup II,Stool,Chemistry,,,2.71,
51942,O & P,Stool,Chemistry,,,2.71,
51943,Sudan Stain,Stool,Chemistry,,,2.71,
51944,"Total Protein, Stool",Stool,Chemistry,,,2.71,
51945,"Triglycerides, Stool",Stool,Chemistry,,,2.71,
51946,"Urea Nitrogen, Stool",Stool,Chemistry,,,2.71,
51947,"Uric Acid, Stool",Stool,Chemistry,,,2.71,
51948,Voided Specimen,Stool,Chemistry,,,2.71,
51949,CDT027,Stool,Chemistry,,,2.71,
51950,,Stool,Chemistry,,,2.71,
51951,CDT027,Stool,Chemistry,,,2.71,
51952,17-Hydroxycorticosteroids,Urine,Chemistry,,,2.71,
51953,"17-Ketosteroids, Urine",Urine,Chemistry,,,2.71,
51954,"5-HIAA, Urine",Urine,Chemistry,,,2.71,
51955,Aldolase,Urine,Chemistry,,,2.71,
51956,Alpha-1,Urine,Chemistry,,,2.71,
51957,Alpha-2,Urine,Chemistry,,,2.71,
51958,Amylase/Creatinine Clearance,Urine,Chemistry,,,2.71,
51959,"Amylase, Serum",Urine,Chemistry,,,2.71,
51960,Beta,Urine,Chemistry,,,2.71,
51961,Bilirubin,Urine,Chemistry,N/A,,2.71,
51962,Blood,Urine,Chemistry,N/A,,2.71,
51963,Camp,Urine,Chemistry,,,2.71,
51964,"Catecholamines, Urine",Urine,Chemistry,,,2.71,
51965,Cben,Urine,Chemistry,,,2.71,
51966,Ccoc,Urine,Chemistry,,,2.71,
51967,Chlamydia trachomatis,Urine,Chemistry,N/A,,2.71,
51968,Copi,Urine,Chemistry,,,2.71,
51969,"Copper, Urine",Urine,Chemistry,,,2.71,
51970,Coproporphyrins,Urine,Chemistry,,,2.71,
51971,"Cortisol, Urine",Urine,Chemistry,,,2.71,
51972,"Creatinine, Blood",Urine,Chemistry,,,2.71,
51973,DirList,Urine,Chemistry,,,2.71,
51974,"Estriol, Urine",Urine,Chemistry,,,2.71,
51975,Fentanyl,Urine,Chemistry,N/A,,2.71,
51976,Glucose,Urine,Chemistry,mg/dL,,2.71,
51977,"Immunoelectrophoresis, Urine",Urine,Chemistry,,,2.71,
51978,"Iron, Urine",Urine,Chemistry,,,2.71,
51979,Ketone,Urine,Chemistry,mg/dL,,2.71,
51980,Leukocytes,Urine,Chemistry,N/A,,2.71,
51981,Neisseria gonorrhoeae,Urine,Chemistry,N/A,,2.71,
51982,Nitrite,Urine,Chemistry,N/A,,2.71,
51983,O & P,Urine,Chemistry,,,2.71,
51985,"Phenothiazine Screen, Urine",Urine,Chemistry,,,2.71,
51986,"Propoxyphene, Urine",Urine,Chemistry,,,2.71,
51987,Protein,Urine,Chemistry,mg/dL,,2.71,
51988,Referred,Urine,Chemistry,,,2.71,
51989,Specific Gravity,Urine,Chemistry,,,2.71,
51990,Study Urine,Urine,Chemistry,,,2.71,
51991,Trichomonas vaginalis,Urine,Chemistry,N/A,,2.71,
51992,UIFEgel,Urine,Chemistry,,,2.71,
51993,UPEPgel,Urine,Chemistry,,,2.71,
51994,Urine Amylase,Urine,Chemistry,,,2.71,
51995,Urine  Creatinine,Urine,Chemistry,,,2.71,
51996,"Urine PEP, Gamma region",Urine,Chemistry,,,2.71,
51997,Urobilinogen,Urine,Chemistry,mg/dL,,2.71,
51998,Uroporphyrins,Urine,Chemistry,,,2.71,
52006,UTX8,Urine,Chemistry,,,2.71,
52007,UTX9,Urine,Chemistry,,,2.71,
52008,Vanillylmandelic Acid,Urine,Chemistry,,,2.71,
52009,Voided Specimen,Urine,Chemistry,,,2.71,
52010,Xylose,Urine,Chemistry,,,2.71,
52011,Z,Urine,Chemistry,,,2.71,
52012,"Zinc, Urine",Urine,Chemistry,,,2.71,
52013,PAN1,Urine,Chemistry,,,2.71,
52014,PAN2,Urine,Chemistry,,,2.71,
52015,UTX10,Urine,Chemistry,,,2.71,
52016,Abz,Blood,Chemistry,,,2.71,
52017,"Albumin, Blood",Blood,Chemistry,,,2.71,
52019,"Creatinine, Whole Blood",Blood,Chemistry,mg/dL,,2.71,
52020,Delete,Blood,Chemistry,,,2.71,
52021,Estimated GFR (MDRD equation),Blood,Blood Gas,,,2.71,
52022,"Glucose, Whole Blood",Blood,Blood Gas,,,2.71,
52023,Hematocrit,Blood,Blood Gas,,,2.71,
52024,% Ionized Calcium,Blood,Blood Gas,,,2.71,
52025,Lithium,Blood,Blood Gas,,,2.71,
52026,Osmolality,Blood,Blood Gas,,,2.71,
52027,P50 of Hemoglobin,Blood,Blood Gas,mm Hg,,2.71,
52029,Total Calcium,Blood,Blood Gas,,,2.71,
52030,Total Calcium,Blood,Blood Gas,,,2.71,
52031,Voided Specimen,Blood,Blood Gas,,,2.71,
52032,WB tCO2,Blood,Blood Gas,,,2.71,
52033,Base Excess,Fluid,Blood Gas,,,2.71,
52034,Calculated Bicarbonate,Fluid,Blood Gas,,,2.71,
52035,pCO2,Fluid,Blood Gas,,,2.71,
52036,pH,Fluid,Blood Gas,,,2.71,
52037,pO2,Fluid,Blood Gas,,,2.71,
52038,Voided Specimen,Other Body Fluid,Blood Gas,,,2.71,
52039,"Osmolality, Urine",Urine,Blood Gas,,,2.71,
52040,"pH, Urine",Urine,Blood Gas,,,2.71,
52041,"Potassium, Urine",Urine,Blood Gas,,,2.71,
52042,"Sodium, Urine",Urine,Blood Gas,,,2.71,
52043,Atyps#,Ascites,Blood Gas,,,2.71,
52044,Bands#,Ascites,Blood Gas,,,2.71,
52045,Basos#,Ascites,Blood Gas,,,2.71,
52046,Blasts#,Ascites,Blood Gas,,,2.71,
52047,Eos#,Ascites,Blood Gas,,,2.71,
52048,Histio#,Ascites,Hematology,,,2.71,
52049,Histiocyte,Ascites,Hematology,,,2.71,
52050,Hyperseg,Ascites,Hematology,%,,2.71,
52051,Hyperseg#,Ascites,Hematology,,,2.71,
52052,Lymphs#,Ascites,Hematology,,,2.71,
52053,Metas#,Ascites,Hematology,,,2.71,
52054,Monos#,Ascites,Hematology,,,2.71,
52055,Myelos#,Ascites,Hematology,,,2.71,
52056,Nuc Rbcs#,Ascites,Hematology,,,2.71,
52057,Plasma#,Ascites,Hematology,,,2.71,
52058,Polys#,Ascites,Hematology,,,2.71,
52059,Promyelo#,Ascites,Hematology,,,2.71,
52061,Voided Specimen,Ascites,Hematology,,,2.71,
52062,Young#,Ascites,Hematology,,,2.71,
52063,24 Hr,Blood,Hematology,,,2.71,
52065,Absolute CD19 Count,Blood,Hematology,,,2.71,
52066,Absolute CD20 Count,Blood,Hematology,,,2.71,
52067,Absolute CD56 Count,Blood,Hematology,,,2.71,
52071,Acid Phosphatase Stain,Blood,Hematology,,,2.71,
52072,Acidserum,Blood,Hematology,,,2.71,
52073,Antithrombin III,Blood,Hematology,,,2.71,
52074,ASA Tol,Blood,Hematology,,,2.71,
52075,Asd,Blood,Hematology,,,2.71,
52076,ASD & NA-F,Blood,Hematology,,,2.71,
52077,Aspirin Reactivity,Blood,Hematology,,,2.71,
52078,Autohem-g,Blood,Hematology,,,2.71,
52079,Autohem+g,Blood,Hematology,,,2.71,
52080,Bleed Tm,Blood,Hematology,,,2.71,
52081,Bleed Tm,Blood,Hematology,,,2.71,
52082,CD15/56,Blood,Hematology,,,2.71,
52083,CD 1a,Blood,Hematology,,,2.71,
52084,CD30,Blood,Hematology,,,2.71,
52085,CD42,Blood,Hematology,,,2.71,
52086,CD52,Blood,Hematology,,,2.71,
52087,CD56 %,Blood,Hematology,%,,2.71,
52088,CD56 Absolute Count,Blood,Hematology,#/uL,,2.71,
52089,CD61,Blood,Hematology,,,2.71,
52090,CD62,Blood,Hematology,,,2.71,
52091,Chloroacetate,Blood,Hematology,,,2.71,
52092,Circ Ab,Blood,Hematology,,,2.71,
52093,Clot Lysis,Blood,Hematology,,,2.71,
52094,Clot Retraction,Blood,Hematology,,,2.71,
52095,Clot Time,Blood,Hematology,,,2.71,
52096,Cr,Blood,Hematology,,,2.71,
52097,Crenated Cells,Blood,Hematology,,,2.71,
52098,Cross Imm,Blood,Hematology,,,2.71,
52099,Cryoglob,Blood,Hematology,,,2.71,
52100,Direct Antiplatelet Antibodies,Blood,Hematology,,,2.71,
52101,Donath-l,Blood,Hematology,,,2.71,
52102,dRVVT - Confirmation,Blood,Hematology,N/A,,2.71,
52103,dRVVT - Normalized Ratio,Blood,Hematology,N/A,,2.71,
52104,dRVVT - Screen,Blood,Hematology,N/A,,2.71,
52105,DSmear,Blood,Hematology,,,2.71,
52107,Euglobulin Lysis,Blood,Hematology,,,2.71,
52108,Factor IX Inhibitor,Blood,Hematology,BU,,2.71,
52109,Factor VIII Antigen,Blood,Hematology,,,2.71,
52110,Fibrinoge,Blood,Hematology,,,2.71,
52111,Fibrinogen,Blood,Hematology,,,2.71,
52112,"Fibrinogen, Immunologic",Blood,Hematology,,,2.71,
52113,Fingerstick,Blood,Hematology,,,2.71,
52114,Fitzgerld,Blood,Hematology,,,2.71,
52115,Fitzgerld,Blood,Hematology,,,2.71,
52116,Fletcher,Blood,Hematology,,,2.71,
52117,Fsp,Blood,Hematology,,,2.71,
52118,"G6PD, Qualitative",Blood,Hematology,,,2.71,
52119,G6pd Spec,Blood,Hematology,,,2.71,
52120,Glutathione,Blood,Hematology,,,2.71,
52121,Heinz Aph,Blood,Hematology,,,2.71,
52122,Helmet Cells,Blood,Hematology,,,2.71,
52123,Hemoglobin H Inclusion,Blood,Hematology,,,2.71,
52124,Hemoglobin Other,Blood,Hematology,%,,2.71,
52125,Histiocytes,Blood,Hematology,,,2.71,
52126,HIT-Ab Interpreted Result,Blood,Hematology,N/A,,2.71,
52127,HIT-Ab Numerical Result,Blood,Hematology,U/mL,,2.71,
52128,Hmwk,Blood,Hematology,,,2.71,
52129,IG,Blood,Hematology,,,2.71,
52131,Inhibitor,Blood,Hematology,,,2.71,
52132,Inh Scr,Blood,Hematology,,,2.71,
52133,Kct,Blood,Hematology,,,2.71,
52134,LE Prep,Blood,Hematology,,,2.71,
52135,LS,Blood,Hematology,,,2.71,
52136,Malaria Smear,Blood,Hematology,,,2.71,
52137,Mean Platelet Volume,Blood,Hematology,,,2.71,
52138,Methemalb,Blood,Hematology,,,2.71,
52139,Methemoglobin,Blood,Hematology,,,2.71,
52140,Mono Spot Test,Blood,Hematology,,,2.71,
52141,Naphtol Acetate Stain,Blood,Hematology,,,2.71,
52142,NEUTX,Blood,Hematology,,,2.71,
52143,NEUTY,Blood,Hematology,,,2.71,
52144,NFletcher,Blood,Hematology,,,2.71,
52145,Non-Specific Esterase,Blood,Hematology,,,2.71,
52146,NRBC,Blood,Hematology,,,2.71,
52147,"Osmotic Fragility, Incubated",Blood,Hematology,,,2.71,
52148,Other Inhibitor,Blood,Hematology,,,2.71,
52149,P2Y12 Reaction Units,Blood,Hematology,,,2.71,
52150,Periodic Acid Schiff Stain,Blood,Hematology,,,2.71,
52151,Peroxidase Staining,Blood,Hematology,,,2.71,
52152,Plasma Hemoglobin,Blood,Hematology,,,2.71,
52153,Plasminogen,Blood,Hematology,,,2.71,
52154,Platelet Aggregation,Blood,Hematology,,,2.71,
52155,Prekallekrein,Blood,Hematology,,,2.71,
52156,Problem Specimen,Blood,Hematology,,,2.71,
52157,Protein S,Blood,Hematology,,,2.71,
52158,PT Control,Blood,Hematology,,,2.71,
52159,PT Mean,Blood,Hematology,,,2.71,
52160,PTT Control,Blood,Hematology,,,2.71,
52161,PTT-LA,Blood,Hematology,,,2.71,
52162,PTT mea,Blood,Hematology,,,2.71,
52163,Pyruvate Kinase,Blood,Hematology,,,2.71,
52164,QFib,Blood,Hematology,,,2.71,
52165, Rbc,Blood,Hematology,,,2.71,
52168,Red Blood Cell Enzyme,Blood,Hematology,,,2.71,
52169,"Reptilase Time, Control",Blood,Hematology,,,2.71,
52170,Ristocetin Response,Blood,Hematology,,,2.71,
52171,Rouleaux,Blood,Hematology,N/A,,2.71,
52172,SCT - Confirmation,Blood,Hematology,N/A,,2.71,
52173,SCT - Normalized Ratio,Blood,Hematology,N/A,,2.71,
52174,SCT - Screen,Blood,Hematology,N/A,,2.71,
52175,STA-CLOT,Blood,Hematology,,,2.71,
52176,Stomatocyte,Blood,Hematology,N/A,,2.71,
52177,Sudan Black Staining,Blood,Hematology,,,2.71,
52178,Sulf Hgb,Blood,Hematology,,,2.71,
52179,TCR Alpha-Beta,Blood,Hematology,,,2.71,
52180,TCR Gamma-Delta,Blood,Hematology,,,2.71,
52181,Test,Blood,Hematology,,,2.71,
52182,Thrombin Time,Blood,Hematology,,,2.71,
52183,Thrombin Time Control,Blood,Hematology,,,2.71,
52184,Thrombin Time Control,Blood,Hematology,,,2.71,
52185,Tissue Thromboplastin Inhibitor,Blood,Hematology,,,2.71,
52186,Tr- Acid,Blood,Hematology,,,2.71,
52187,Trap Stain,Blood,Hematology,,,2.71,
52188,Viii Ag,Blood,Hematology,,,2.71,
52189,VIII-CIE,Blood,Hematology,,,2.71,
52190,Voided Specimen,Blood,Hematology,,,2.71,
52191,WAM Manual Diff,Blood,Hematology,,,2.71,
52192,WAM MANUAL DIFF 2,Blood,Hematology,,,2.71,
52193,ErytFlg,Blood,Hematology,,,2.71,
52194,FragFlg,Blood,Hematology,,,2.71,
52195,PltDist,Blood,Hematology,,,2.71,
52196,PltScat,Blood,Hematology,,,2.71,
52197,PltClmp,Blood,Hematology,,,2.71,
52198,RBCAgg,Blood,Hematology,,,2.71,
52199,RBCDist,Blood,Hematology,,,2.71,
52200,RetScat,Blood,Hematology,,,2.71,
52201,RetFlg,Blood,Hematology,,,2.71,
52202,TurbHbI,Blood,Hematology,,,2.71,
52203,BasoFlg,Blood,Hematology,,,2.71,
52204,EosFlg,Blood,Hematology,,,2.71,
52205,LeftShf,Blood,Hematology,,,2.71,
52206,LymFlg,Blood,Hematology,,,2.71,
52207,MonoFlg,Blood,Hematology,,,2.71,
52208,NRBCFlg,Blood,Hematology,,,2.71,
52209,AbnLymp,Blood,Hematology,,,2.71,
52210,ATLFlg,Blood,Hematology,,,2.71,
52211,BlasFlg,Blood,Hematology,,,2.71,
52212,Bl/AbLy,Blood,Hematology,,,2.71,
52213,IG Flg,Blood,Hematology,,,2.71,
52214,WBCScat,Blood,Hematology,,,2.71,
52215,wbcp,Blood,Hematology,%,,2.71,
52216,Atypical Lymphocytes,Cerebrospinal Fluid,Hematology,%,,2.71,
52217,Atyps#,Cerebrospinal Fluid,Hematology,,,2.71,
52218,Bands,Cerebrospinal Fluid,Hematology,%,,2.71,
52219,Bands#,Cerebrospinal Fluid,Hematology,,,2.71,
52220,Basophils,Cerebrospinal Fluid,Hematology,%,,2.71,
52221,Basos#,Cerebrospinal Fluid,Hematology,,,2.71,
52222,Blasts,Cerebrospinal Fluid,Hematology,%,,2.71,
52223,Blasts#,Cerebrospinal Fluid,Hematology,,,2.71,
52224,Delete,Cerebrospinal Fluid,Hematology,,,2.71,
52225,Delete,Cerebrospinal Fluid,Hematology,,,2.71,
52226,Delete,Cerebrospinal Fluid,Hematology,,,2.71,
52227,Delete,Cerebrospinal Fluid,Hematology,,,2.71,
52228,Delete,Cerebrospinal Fluid,Hematology,,,2.71,
52229,Delete,Cerebrospinal Fluid,Hematology,,,2.71,
52230,Delete,Cerebrospinal Fluid,Hematology,,,2.71,
52231,Delete,Cerebrospinal Fluid,Hematology,,,2.71,
52232,Delete,Cerebrospinal Fluid,Hematology,,,2.71,
52233,Delete,Cerebrospinal Fluid,Hematology,,,2.71,
52234,Delete,Cerebrospinal Fluid,Hematology,,,2.71,
52235,Delete,Cerebrospinal Fluid,Hematology,,,2.71,
52236,Delete,Cerebrospinal Fluid,Hematology,,,2.71,
52237,Delete,Cerebrospinal Fluid,Hematology,,,2.71,
52238,Delete,Cerebrospinal Fluid,Hematology,,,2.71,
52239,Delete,Cerebrospinal Fluid,Hematology,,,2.71,
52240,Delete,Cerebrospinal Fluid,Hematology,,,2.71,
52241,Delete,Cerebrospinal Fluid,Hematology,,,2.71,
52242,Delete,Cerebrospinal Fluid,Hematology,,,2.71,
52243,Delete,Cerebrospinal Fluid,Hematology,,,2.71,
52244,Delete,Cerebrospinal Fluid,Hematology,,,2.71,
52245,Delete,Cerebrospinal Fluid,Hematology,,,2.71,
52246,Delete,Cerebrospinal Fluid,Hematology,,,2.71,
52247,Delete,Cerebrospinal Fluid,Hematology,,,2.71,
52248,Delete,Cerebrospinal Fluid,Hematology,,,2.71,
52249,Delete,Cerebrospinal Fluid,Hematology,,,2.71,
52250,Eos#,Cerebrospinal Fluid,Hematology,,,2.71,
52251,Eosinophils,Cerebrospinal Fluid,Hematology,%,,2.71,
52252,"Hematocrit, CSF",Cerebrospinal Fluid,Hematology,%,,2.71,
52253,Histiocyte,Cerebrospinal Fluid,Hematology,,,2.71,
52254,Histiocytes#,Cerebrospinal Fluid,Hematology,,,2.71,
52255,Hypersegmented Neutrophils,Cerebrospinal Fluid,Hematology,,,2.71,
52256,Hypersegmented Neutrophils #,Cerebrospinal Fluid,Hematology,,,2.71,
52257,Immunophenotyping,Cerebrospinal Fluid,Hematology,,,2.71,
52258,Lining Cell,Cerebrospinal Fluid,Hematology,%,,2.71,
52259,Lymphs,Cerebrospinal Fluid,Hematology,,,2.71,
52260,Lymphs#,Cerebrospinal Fluid,Hematology,,,2.71,
52261,Macrophage,Cerebrospinal Fluid,Hematology,%,,2.71,
52262,Macrophage#,Cerebrospinal Fluid,Hematology,,,2.71,
52263,Mesothelial cells,Cerebrospinal Fluid,Hematology,%,,2.71,
52264,Mesothelial cells #,Cerebrospinal Fluid,Hematology,,,2.71,
52265,Metamyelocytes,Cerebrospinal Fluid,Hematology,%,,2.71,
52266,Metas#,Cerebrospinal Fluid,Hematology,,,2.71,
52268,Monos#,Cerebrospinal Fluid,Hematology,,,2.71,
52269,Myelocytes,Cerebrospinal Fluid,Hematology,%,,2.71,
52270,Myelos#,Cerebrospinal Fluid,Hematology,,,2.71,
52271,NRBC,Cerebrospinal Fluid,Hematology,%,,2.71,
52272,NRBC#,Cerebrospinal Fluid,Hematology,,,2.71,
52273,Other,Cerebrospinal Fluid,Hematology,%,,2.71,
52274,Plasma,Cerebrospinal Fluid,Hematology,%,,2.71,
52275,Plasma#,Cerebrospinal Fluid,Hematology,,,2.71,
52277,Polys#,Cerebrospinal Fluid,Hematology,,,2.71,
52278,Promyelocytes,Cerebrospinal Fluid,Hematology,%,,2.71,
52279,Promyelocytes#,Cerebrospinal Fluid,Hematology,,,2.71,
52282,Voided Specimen,Cerebrospinal Fluid,Hematology,,,2.71,
52283,Young,Cerebrospinal Fluid,Hematology,%,,2.71,
52284,Young#,Cerebrospinal Fluid,Hematology,,,2.71,
52285,Dna,I,Hematology,,,2.71,
52286,Atyps#,Joint Fluid,Hematology,,,2.71,
52287,Bands#,Joint Fluid,Hematology,,,2.71,
52288,Basos#,Joint Fluid,Hematology,,,2.71,
52289,Blasts,Joint Fluid,Hematology,%,,2.71,
52290,Blasts#,Joint Fluid,Hematology,,,2.71,
52291,Eos#,Joint Fluid,Hematology,,,2.71,
52292,Histio#,Joint Fluid,Hematology,,,2.71,
52293,Histiocyte,Joint Fluid,Hematology,,,2.71,
52294,Hypersegmented Neutrophils,Joint Fluid,Hematology,,,2.71,
52295,Hypersegmented Neutrophils #,Joint Fluid,Hematology,,,2.71,
52296,Lining Cell,Joint Fluid,Hematology,%,,2.71,
52297,Lymphs#,Joint Fluid,Hematology,,,2.71,
52298,Metas#,Joint Fluid,Hematology,,,2.71,
52299,Monos#,Joint Fluid,Hematology,,,2.71,
52300,Myelocytes,Joint Fluid,Hematology,%,,2.71,
52301,Myelos#,Joint Fluid,Hematology,,,2.71,
52302,Plasma,Joint Fluid,Hematology,%,,2.71,
52303,Plasma#,Joint Fluid,Hematology,,,2.71,
52304,Polys#,Joint Fluid,Hematology,,,2.71,
52305,Promyelo#,Joint Fluid,Hematology,,,2.71,
52306,Promyelocytes,Joint Fluid,Hematology,%,,2.71,
52307,"Total Nucleated Cells, Joint",Joint Fluid,Hematology,#/uL,,2.71,
52308,Voided Specimen,Joint Fluid,Hematology,,,2.71,
52309,Young,Joint Fluid,Hematology,,,2.71,
52310,Young#,Joint Fluid,Hematology,,,2.71,
52311,Acid Phosphatase Stain,Bone Marrow,Hematology,,,2.71,
52312,Asd,Bone Marrow,Hematology,,,2.71,
52313,Asd&na-f,Bone Marrow,Hematology,,,2.71,
52314,CD 1a,Bone Marrow,Hematology,,,2.71,
52315,CD30,Bone Marrow,Hematology,,,2.71,
52316,CD42,Bone Marrow,Hematology,,,2.71,
52317,CD52,Bone Marrow,Hematology,,,2.71,
52318,CD61,Bone Marrow,Hematology,,,2.71,
52319,CD62,Bone Marrow,Hematology,,,2.71,
52320,Chloroacetate Esterase,Bone Marrow,Hematology,,,2.71,
52321,Naphthol Acetate Stain,Bone Marrow,Hematology,,,2.71,
52322,Naphthol Butryrate,Bone Marrow,Hematology,,,2.71,
52323,Periodic Schiff Stain,Bone Marrow,Hematology,,,2.71,
52324,Peroxidase Stain,Bone Marrow,Hematology,,,2.71,
52325,Sudan Black Stain,Bone Marrow,Hematology,,,2.71,
52326,TCR Alpha-Beta,Bone Marrow,Hematology,,,2.71,
52327,TCR Gamma-Delta,Bone Marrow,Hematology,,,2.71,
52328,Tr-acid,Bone Marrow,Hematology,,,2.71,
52329,Voided Specimen,Bone Marrow,Hematology,,,2.71,
52330,TdT,Bone Marrow,Hematology,,,2.71,
52331,Atyps#,Other Body Fluid,Hematology,,,2.71,
52332,Bands#,Other Body Fluid,Hematology,,,2.71,
52333,Basos#,Other Body Fluid,Hematology,,,2.71,
52334,Blasts,Other Body Fluid,Hematology,%,,2.71,
52335,Blasts#,Other Body Fluid,Hematology,,,2.71,
52336,CD 1a,Other Body Fluid,Hematology,,,2.71,
52337,CD30,Other Body Fluid,Hematology,,,2.71,
52338,CD42,Other Body Fluid,Hematology,,,2.71,
52339,CD52,Other Body Fluid,Hematology,,,2.71,
52340,CD55,Other Body Fluid,Hematology,,,2.71,
52341,CD59,Other Body Fluid,Hematology,,,2.71,
52342,CD61,Other Body Fluid,Hematology,,,2.71,
52343,CD62,Other Body Fluid,Hematology,,,2.71,
52344,Chloroac,Other Body Fluid,Hematology,,,2.71,
52345,Eos#,Other Body Fluid,Hematology,,,2.71,
52346,Fetal Hgb,Other Body Fluid,Hematology,,,2.71,
52347,FETAL LUNG MATURITY - LBC,Other Body Fluid,Hematology,10E9 Bodies/L,,2.71,
52348,Histiocyte#,Other Body Fluid,Hematology,,,2.71,
52349,Histiocytes,Other Body Fluid,Hematology,,,2.71,
52350,Hypersegmented Neutrophils,Other Body Fluid,Hematology,%,,2.71,
52351,Hypersegmented Neutrophils#,Other Body Fluid,Hematology,,,2.71,
52352,Iron,Other Body Fluid,Hematology,,,2.71,
52353,Lining Cell,Other Body Fluid,Hematology,%,,2.71,
52354,Lymphs#,Other Body Fluid,Hematology,,,2.71,
52355,Metamyelocytes#,Other Body Fluid,Hematology,,,2.71,
52356,Monos#,Other Body Fluid,Hematology,,,2.71,
52357,Myelos#,Other Body Fluid,Hematology,,,2.71,
52358,NRBC#,Other Body Fluid,Hematology,,,2.71,
52359,Plasma#,Other Body Fluid,Hematology,,,2.71,
52360,Polys#,Other Body Fluid,Hematology,,,2.71,
52361,Promyelocyte#,Other Body Fluid,Hematology,,,2.71,
52362,TCR Alpha-Beta,Other Body Fluid,Hematology,,,2.71,
52363,TCR Gamma-Delta,Other Body Fluid,Hematology,,,2.71,
52364,"Total Nucleated Cells, Other",Other Body Fluid,Hematology,#/uL,,2.71,
52365,Voided Specimen,Other Body Fluid,Hematology,,,2.71,
52366,Young,Other Body Fluid,Hematology,%,,2.71,
52367,Young#,Other Body Fluid,Hematology,,,2.71,
52368,TdT,Other Body Fluid,Hematology,,,2.71,
52369,,Other Body Fluid,Hematology,,,2.71,
52370,Atyps#,Pleural,Hematology,,,2.71,
52371,Bands#,Pleural,Hematology,,,2.71,
52372,Basos#,Pleural,Hematology,,,2.71,
52373,Blasts#,Pleural,Hematology,,,2.71,
52374,Eos#,Pleural,Hematology,,,2.71,
52375,Histiocyte#,Pleural,Hematology,,,2.71,
52376,Histiocytes,Pleural,Hematology,,,2.71,
52377,Hypersegmented Neutrophils,Pleural,Hematology,,,2.71,
52378,Hypersegmented  Neutrophils#,Pleural,Hematology,,,2.71,
52379,Lymphs#,Pleural,Hematology,,,2.71,
52380,Metas#,Pleural,Hematology,,,2.71,
52381,Monos#,Pleural,Hematology,,,2.71,
52382,Myelos#,Pleural,Hematology,,,2.71,
52383,Plasma#,Pleural,Hematology,,,2.71,
52384,Polys#,Pleural,Hematology,,,2.71,
52385,Promyelocytes#,Pleural,Hematology,,,2.71,
52387,Voided Specimen,Pleural,Hematology,,,2.71,
52388,Young#,Pleural,Hematology,,,2.71,
52389,FL1-D,Q,Hematology,,,2.71,
52390,FL1-%FL2,Q,Hematology,,,2.71,
52391,FL1-S,Q,Hematology,,,2.71,
52392,FL2-D,Q,Hematology,,,2.71,
52393,FL2-%FL1,Q,Hematology,,,2.71,
52394,FL2-S,Q,Hematology,,,2.71,
52395,FSC-S,Q,Hematology,,,2.71,
52396,SSC-D,Q,Hematology,,,2.71,
52397,SSC-S,Q,Hematology,,,2.71,
52398,Bile,Stool,Hematology,,,2.71,
52399,Fat,Stool,Hematology,,,2.71,
52400,Prblm,Stool,Hematology,,,2.71,
52401,Voided Specimen,Stool,Hematology,,,2.71,
52402,WBC,Stool,Hematology,,,2.71,
52403,Bacturia,Urine,Hematology,,,2.71,
52404,Budding Yeast,Urine,Hematology,,,2.71,
52405,Fatty Casts,Urine,Hematology,#/lpf,,2.71,
52406,Hgb,Urine,Hematology,,,2.71,
52407,HPF,Urine,Hematology,,,2.71,
52408,Leuks,Urine,Hematology,,,2.71,
52409,LEUKS,Urine,Hematology,,,2.71,
52410,LPF,Urine,Hematology,,,2.71,
52411,Myoglobin,Urine,Hematology,,,2.71,
52412,Pku,Urine,Hematology,,,2.71,
52413,Problem Specimen,Urine,Hematology,,,2.71,
52414,Voided Specimen,Urine,Hematology,,,2.71,
52415,ZZDUMMY,Urine,Hematology,,,2.71,
52416,GATE,Urine,Hematology,,,2.71,
52417,RUN,Urine,Hematology,,,2.71,
52418,SKIP,Urine,Hematology,,,2.71,
52419,RFXUCU,Urine,Hematology,,,2.71,
52420,XUCU,Urine,Hematology,,,2.71,
52421,UCU1,Urine,Hematology,,,2.71,
52422,UCU2,Urine,Hematology,,,2.71,
52429,"Chloride, Whole Blood",Blood,0,,,2.71,
52437,Lactate,Blood,0,,,2.71,
52447,"Potassium, Whole Blood",Blood,0,,,2.71,
52450,"Sodium, Whole Blood",Blood,0,,,2.71,
52495,Anion Gap,Blood,0,mEq/L,,2.71,
52530,Chloride,Blood,0,mEq/L,,2.71,
52541,Creatinine,Blood,0,mg/dL,,2.71,
52543,Cryoglobulin,Blood,0,,,2.71,
52546,D-Dimer,Blood,Chemistry,ng/mL DDU,,2.71,
52557,Folate,Blood,0,,,2.71,
52564,Glucose,Blood,0,mg/dL,,2.71,
52605,Potassium,Blood,0,mEq/L,,2.71,
52618,Sodium,Blood,0,mEq/L,,2.71,
52637,Troponin I,Blood,0,ng/mL,,2.71,
52642,Urea Nitrogen,Blood,Chemistry,mg/dL,,2.71,
52698,"Albumin, Urine",Urine,0,,,2.71,
52715,"HCG, Urine, Qualitative",Urine,0,N/A,,2.71,
52725,pH,Urine,0,units,,2.71,
52781,Bleeding Time,Blood,0,,,2.71,
52833,Factor II,Blood,0,,,2.71,
52835,Factor IX,Blood,0,,,2.71,
52837,Factor V,Blood,0,,,2.71,
52839,Factor VII,Blood,0,,,2.71,
52841,Factor VIII,Blood,0,,,2.71,
52844,Factor X,Blood,Hematology,,,2.71,
52846,Factor XI,Blood,Hematology,,,2.71,
52848,Factor XII,Blood,0,,,2.71,
52850,Factor XIII,Blood,0,,,2.71,
52853,Fibrin Degradation Products,Blood,Hematology,,,2.71,
52884,Lupus Anticoagulant,Blood,0,,,2.71,
52916,PT,Blood,0,,,2.71,
52918,PTT,Blood,0,,,2.71,
52924,Reptilase Time,Blood,0,,,2.71,
52929,"Reticulocyte Count, Manual",Blood,Hematology,,,2.71,
52943,Thrombin,Blood,0,,,2.71,
52950,CD10,Bone Marrow,0,,,2.71,
52987,Iron Stain,Bone Marrow,0,,,2.71,
53007,NRBC,Joint Fluid,0,,,2.71,
53078,NRBC,Pleural,0,,,2.71,
