itemid,label,abbreviation,dbsource,linksto,category,unitname,param_type,group,preadmission,comment
220862,Albumin 25%,Albumin 25%,metavision,inputevents_mv,Blood Products/Colloids,mL,Solution,Colloid,,
220864,Albumin 5%,Albumin 5%,metavision,inputevents_mv,Blood Products/Colloids,mL,Solution,Colloid,,
225173,Cell Saver,Cell Saver,metavision,inputevents_mv,Blood Products/Colloids,mL,Solution,Blood Product,,
225171,Cryoprecipitate,Cryoprecipitate,metavision,inputevents_mv,Blood Products/Colloids,mL,Solution,Blood Product,,
225795,Dextran 40,Dextran 40,metavision,inputevents_mv,Blood Products/Colloids,mL,Solution,Colloid,,
225796,Dextran 70,Dextran 70,metavision,inputevents_mv,Blood Products/Colloids,mL,Solution,Colloid,,
225914,Factor VIIa,Factor VIIa,metavision,inputevents_mv,Blood Products/Colloids,mcg,Solution,Blood Factor,,
221733,Factor VIII,Factor VIII,metavision,inputevents_mv,Blood Products/Colloids,International Units,Solution,Blood Factor,,
220970,Fresh Frozen Plasma,FFP,metavision,inputevents_mv,Blood Products/Colloids,mL,Solution,Blood Product,,
225174,Hetastarch (Hespan) 6%,Hetastarch (Hespan) 6%,metavision,inputevents_mv,Blood Products/Colloids,mL,Solution,Colloid,,
227530,IV Immune Globulin (IVIG),IVIG,metavision,inputevents_mv,Blood Products/Colloids,mL,Solution,Blood Factor,,
226370,OR Autologous Blood Intake,OR Autologous Blood Intake,metavision,inputevents_mv,Blood Products/Colloids,mL,Solution,Blood Product,OR,
226372,OR Cell Saver Intake,OR Cell Saver Intake,metavision,inputevents_mv,Blood Products/Colloids,mL,Solution,Blood Product,OR,
226365,OR Colloid Intake,OR Colloid Intake,metavision,inputevents_mv,Blood Products/Colloids,mL,Solution,Colloid,OR,
226371,OR Cryoprecipitate Intake,OR Cryoprecipitate Intake,metavision,inputevents_mv,Blood Products/Colloids,mL,Solution,Blood Product,OR,
226367,OR FFP Intake,OR FFP Intake,metavision,inputevents_mv,Blood Products/Colloids,mL,Solution,Blood Product,OR,
226368,OR Packed RBC Intake,OR Packed RBC Intake,metavision,inputevents_mv,Blood Products/Colloids,mL,Solution,Blood Product,OR,
226369,OR Platelet Intake,OR Platelet Intake,metavision,inputevents_mv,Blood Products/Colloids,mL,Solution,Blood Product,OR,
225168,Packed Red Blood Cells,PRBC's,metavision,inputevents_mv,Blood Products/Colloids,mL,Solution,Blood Product,,
226376,PACU Colloid Intake,PACU Colloid Intake,metavision,inputevents_mv,Blood Products/Colloids,mL,Solution,Colloid,PACU,
227072,PACU FFP Intake,PACU FFP Intake,metavision,inputevents_mv,Blood Products/Colloids,mL,Solution,Blood Product,PACU,
227070,PACU Packed RBC Intake,PACU Packed RBC Intake,metavision,inputevents_mv,Blood Products/Colloids,mL,Solution,Blood Product,PACU,
227071,PACU Platelet Intake,PACU Platelet Intake,metavision,inputevents_mv,Blood Products/Colloids,mL,Solution,Blood Product,PACU,
227532,Plasma Pheresis,Plasma Pheresis,metavision,inputevents_mv,Blood Products/Colloids,mL,Solution,Pheresis,,ignore as net even procedure
225170,Platelets,Platelets,metavision,inputevents_mv,Blood Products/Colloids,mL,Solution,Blood Product,,
225915,Profilnine,Profilnine,metavision,inputevents_mv,Blood Products/Colloids,units,Solution,Blood Factor,,
224149,Access Pressure,Access Pressure,metavision,chartevents,Dialysis,mmHg,Numeric,,,
224404,ART Lumen Volume,ART Lumen Volume,metavision,chartevents,Dialysis,mL,Numeric,,,
224144,Blood Flow (ml/min),Blood Flow (ml/min),metavision,chartevents,Dialysis,ml/min,Numeric,,,
228004,Citrate (ACD-A),Citrate (ACD-A),metavision,chartevents,Dialysis,ml/hr,Numeric,,,
225436,CRRT Filter Change,CRRT Filter Change,metavision,procedureevents_mv,Dialysis,None,Process,,,
227290,CRRT mode,CRRT mode,metavision,chartevents,Dialysis,,Text,,,
225183,Current Goal,Current Goal,metavision,chartevents,Dialysis,mL,Numeric,,,
225977,Dialysate Fluid,Dialysate Fluid,metavision,chartevents,Dialysis,,Text,,,
224154,Dialysate Rate,Dialysate Rate,metavision,chartevents,Dialysis,ml/hr,Numeric,,,
224135,Dialysis Access Site,Dialysis Access Site,metavision,chartevents,Dialysis,,Text,,,
225954,Dialysis Access Type,Dialysis Access Type,metavision,chartevents,Dialysis,,Text,,,
225802,Dialysis - CRRT,Dialysis - CRRT,metavision,procedureevents_mv,Dialysis,None,Process,,,
225803,Dialysis - CVVHD,Dialysis - CVVHD,metavision,procedureevents_mv,Dialysis,None,Process,,,
225809,Dialysis - CVVHDF,Dialysis - CVVHDF,metavision,procedureevents_mv,Dialysis,None,Process,,,
225955,Dialysis - SCUF,Dialysis - SCUF,metavision,procedureevents_mv,Dialysis,None,Process,,,
224139,Dialysis Site Appearance,Dialysis Site Appearance,metavision,chartevents,Dialysis,,Text,,,
225810,Dwell Time (Peritoneal Dialysis),Dwell Time (Hours),metavision,chartevents,Dialysis,hour,Numeric,,,
224151,Effluent Pressure,Effluent Pressure,metavision,chartevents,Dialysis,mmHg,Numeric,,,
224150,Filter Pressure,Filter Pressure,metavision,chartevents,Dialysis,mmHg,Numeric,,,
226499,Hemodialysis Output,Hemodialysis Output,metavision,chartevents,Dialysis,mL,Numeric,Dialysis - Output,,
225958,Heparin Concentration (units/mL),Heparin Concentration  (units/mL),metavision,chartevents,Dialysis,,Text,,,
224145,Heparin Dose (per hour),Heparin Dose (per hour),metavision,chartevents,Dialysis,units,Numeric,,,
224191,Hourly Patient Fluid Removal,Hourly PFR,metavision,chartevents,Dialysis,mL,Numeric,Dialysis - Output,,
225952,Medication Added #1 (Peritoneal Dialysis),Medication Added #1 (PD),metavision,chartevents,Dialysis,,Text,,,
227638,Medication Added #2 (Peritoneal Dialysis),Medication Added #2 (PD),metavision,chartevents,Dialysis,,Text,,,
225959,Medication Added Amount  #1 (Peritoneal Dialysis),Medication Added Amount #1 (PD),metavision,chartevents,Dialysis,None,Numeric,,,
227639,Medication Added Amount  #2 (Peritoneal Dialysis),Medication Added Amount  #2 (PD),metavision,chartevents,Dialysis,None,Numeric,,,
225961,Medication Added Units #1 (Peritoneal Dialysis),Medication Added Units #1 (PD),metavision,chartevents,Dialysis,,Text,,,
227640,Medication Added Units #2 (Peritoneal Dialysis),Medication Added Units #2 (PD),metavision,chartevents,Dialysis,,Text,,,
228005,PBP (Prefilter) Replacement Rate,PBP (Prefilter) Replacement Rate,metavision,chartevents,Dialysis,ml/hr,Numeric,,,
225805,Peritoneal Dialysis,Peritoneal Dialysis,metavision,procedureevents_mv,Dialysis,None,Process,,,
225965,Peritoneal Dialysis Catheter Status,PD Catheter Status,metavision,chartevents,Dialysis,,Text,,,
225963,Peritoneal Dialysis Catheter Type,PD Catheter Type,metavision,chartevents,Dialysis,,Text,,,
225951,Peritoneal Dialysis Fluid Appearance,PD Fluid Appearance,metavision,chartevents,Dialysis,,Text,,,
228006,Post Filter Replacement Rate,Post Filter Replacement Rate,metavision,chartevents,Dialysis,ml/hr,Numeric,,,
225956,Reason for CRRT Filter Change,Reason for Filter Change,metavision,chartevents,Dialysis,,Text,,,
225976,Replacement Fluid,Replacement Fluid,metavision,chartevents,Dialysis,,Text,,,
224153,Replacement Rate,Replacement Rate,metavision,chartevents,Dialysis,ml/hr,Numeric,,,
224152,Return Pressure,Return Pressure,metavision,chartevents,Dialysis,mmHg,Numeric,,,
225953,Solution (Peritoneal Dialysis),Solution (PD),metavision,chartevents,Dialysis,,Text,,,
224146,System Integrity,System Integrity,metavision,chartevents,Dialysis,,Text,,,
226457,Ultrafiltrate Output,Ultrafiltrate Output,metavision,chartevents,Dialysis,mL,Numeric,Ignore,,hourly PFR accounts for UFO
224406,VEN Lumen Volume,VEN  Lumen Volume,metavision,chartevents,Dialysis,mL,Numeric,,,
225806,Volume In (PD),Volume In (PD),metavision,chartevents,Dialysis,mL,Numeric,Dialysis - Input,,
227438,Volume not removed,Volume not removed,metavision,chartevents,Dialysis,mL,Numeric,???,,
225807,Volume Out (PD),Volume Out (PD),metavision,chartevents,Dialysis,mL,Numeric,Dialysis - Output,,
226616,Anderson,Anderson,metavision,outputevents,Drains,mL,Numeric,Drain,,
226608,Cerebral Subdural #1,Cerebral Subdural #1,metavision,outputevents,Drains,mL,Numeric,Drain,,
226609,Cerebral Subdural #2,Cerebral Subdural #2,metavision,outputevents,Drains,mL,Numeric,Drain,,
226606,Cerebral Ventricular #1,Cerebral Ventricular #1,metavision,outputevents,Drains,mL,Numeric,Drain,,
226607,Cerebral Ventricular #2,Cerebral Ventricular #2,metavision,outputevents,Drains,mL,Numeric,Drain,,
226621,Davol,Davol,metavision,outputevents,Drains,mL,Numeric,Drain,,
227701,Drainage Bag,Drainage Bag,metavision,outputevents,Drains,mL,Numeric,Drain,,
226604,Hemovac #1,Hemovac #1,metavision,outputevents,Drains,mL,Numeric,Drain,,
226605,Hemovac #2,Hemovac #2,metavision,outputevents,Drains,mL,Numeric,Drain,,
226599,Jackson Pratt #1,Jackson Pratt #1,metavision,outputevents,Drains,mL,Numeric,Drain,,
226600,Jackson Pratt #2,Jackson Pratt #2,metavision,outputevents,Drains,mL,Numeric,Drain,,
226601,Jackson Pratt #3,Jackson Pratt #3,metavision,outputevents,Drains,mL,Numeric,Drain,,
226602,Jackson Pratt #4,Jackson Pratt #4,metavision,outputevents,Drains,mL,Numeric,Drain,,
226598,JP Lateral,JP Lateral,metavision,outputevents,Drains,mL,Numeric,Drain,,
226597,JP Medial,JP Medial,metavision,outputevents,Drains,mL,Numeric,Drain,,
226610,Lumbar,Lumbar,metavision,outputevents,Drains,mL,Numeric,Drain,,
226623,Penrose #1,Penrose #1,metavision,outputevents,Drains,mL,Numeric,Drain,,
226624,Penrose #2,Penrose #2,metavision,outputevents,Drains,mL,Numeric,Drain,,
226612,Pericardial,Pericardial,metavision,outputevents,Drains,mL,Numeric,Drain,,
226619,Pigtail #1,Pigtail #1,metavision,outputevents,Drains,mL,Numeric,Drain,,
226620,Pigtail #2,Pigtail #2,metavision,outputevents,Drains,mL,Numeric,Drain,,
226622,Red Rubber,Red Rubber,metavision,outputevents,Drains,mL,Numeric,Drain,,
226617,Sump #1,Sump #1,metavision,outputevents,Drains,mL,Numeric,Drain,,
226618,Sump #2,Sump #2,metavision,outputevents,Drains,mL,Numeric,Drain,,
226625,Tap,Tap,metavision,outputevents,Drains,mL,Numeric,Drain,,
226603,T Tube,T Tube,metavision,outputevents,Drains,mL,Numeric,Drain,,
226613,Wound Vac #1,Wound Vac #1,metavision,outputevents,Drains,mL,Numeric,Drain,,
226614,Wound Vac #2,Wound Vac #2,metavision,outputevents,Drains,mL,Numeric,Drain,,
225165,Bicarbonate Base,Bicarbonate Base,metavision,inputevents_mv,Fluids/Intake,mL,Solution,Crystalloid,,
226363,Cath Lab Intake,Cath Lab Intake,metavision,inputevents_mv,Fluids/Intake,mL,Solution,General Intake,Cath Lab,
225823,D5 1/2NS,D5 1/2NS,metavision,inputevents_mv,Fluids/Intake,mL,Solution,Crystalloid,,
225941,D5 1/4NS,D5 1/4NS,metavision,inputevents_mv,Fluids/Intake,mL,Solution,Crystalloid,,
225827,D5LR,D5LR,metavision,inputevents_mv,Fluids/Intake,mL,Solution,Crystalloid,,
225825,D5NS,D5NS,metavision,inputevents_mv,Fluids/Intake,mL,Solution,Crystalloid,,
220950,Dextrose 10%,Dextrose 10%,metavision,inputevents_mv,Fluids/Intake,mL,Solution,Crystalloid,,
228140,Dextrose 20%,Dextrose 20%,metavision,inputevents_mv,Fluids/Intake,mL,Solution,Crystalloid,,
228141,Dextrose 30%,Dextrose 30%,metavision,inputevents_mv,Fluids/Intake,mL,Solution,Crystalloid,,
228142,Dextrose 40%,Dextrose 40%,metavision,inputevents_mv,Fluids/Intake,mL,Solution,Crystalloid,,
220949,Dextrose 5%,Dextrose 5%,metavision,inputevents_mv,Fluids/Intake,mL,Solution,Crystalloid,,
220952,Dextrose 50%,Dextrose 50%,metavision,inputevents_mv,Fluids/Intake,mL,Solution,Crystalloid,,
225797,Free Water,Free Water,metavision,inputevents_mv,Fluids/Intake,mL,Solution,General Intake,,
225799,Gastric Meds,Gastric Meds,metavision,inputevents_mv,Fluids/Intake,mL,Solution,Ignore,,
226453,GT Flush,GT Flush,metavision,inputevents_mv,Fluids/Intake,mL,Solution,General Intake,,
226403,GU Irrigant - Amphotericin B,GU Irrigant - Amphotericin B,metavision,inputevents_mv,Fluids/Intake,mL,Solution,Irrigant,,
226401,GU Irrigant - Normal Saline,GU Irrigant - Normal Saline,metavision,inputevents_mv,Fluids/Intake,mL,Solution,Irrigant,,
226402,GU Irrigant - Sterile Water,GU Irrigant - Sterile Water,metavision,inputevents_mv,Fluids/Intake,mL,Solution,Irrigant,,
225828,LR,LR,metavision,inputevents_mv,Fluids/Intake,mL,Solution,Crystalloid,,
225830,Multivitamins,Multivitamins,metavision,inputevents_mv,Fluids/Intake,mL,Solution,General Intake,,
225159,NaCl 0.45%,NaCl 0.45%,metavision,inputevents_mv,Fluids/Intake,mL,Solution,Crystalloid,,
225158,NaCl 0.9%,NaCl 0.9%,metavision,inputevents_mv,Fluids/Intake,mL,Solution,Crystalloid,,
228341,NaCl 23.4%,NaCl 23.4%,metavision,inputevents_mv,Fluids/Intake,mL,Solution,Crystalloid,,
225161,NaCl 3% (Hypertonic Saline),NaCl 3% (Hypertonic Saline),metavision,inputevents_mv,Fluids/Intake,mL,Solution,Crystalloid,,
226364,OR Crystalloid Intake,OR Crystalloid Intake,metavision,inputevents_mv,Fluids/Intake,mL,Solution,Crystalloid,Preadmission,
226375,PACU Crystalloid Intake,PACU Crystalloid Intake,metavision,inputevents_mv,Fluids/Intake,mL,Solution,Crystalloid,Preadmission,
226377,PACU PO Intake,PACU PO Intake,metavision,inputevents_mv,Fluids/Intake,mL,Solution,Crystalloid,Preadmission,
226089,Piggyback,Piggyback,metavision,inputevents_mv,Fluids/Intake,mL,Solution,Crystalloid,,
226452,PO Intake,PO Intake,metavision,inputevents_mv,Fluids/Intake,mL,Solution,Oral,,
226361,Pre-Admission Intake,Pre-Admission Intake,metavision,inputevents_mv,Fluids/Intake,mL,Solution,General Intake,Preadmission,
225162,Prismasate K2,Prismasate K2,metavision,inputevents_mv,Fluids/Intake,mL,Solution,Dialysis - Input,,check freq
225163,Prismasate K4,Prismasate K4,metavision,inputevents_mv,Fluids/Intake,mL,Solution,Dialysis - Input,,
227533,Sodium Bicarbonate 8.4% (Amp),Sodium Bicarbonate 8.4% (Amp),metavision,inputevents_mv,Fluids/Intake,mL,Solution,Crystalloid,,
225943,Solution,Solution,metavision,inputevents_mv,Fluids/Intake,mL,Solution,General Intake,,
225944,Sterile Water,Sterile Water,metavision,inputevents_mv,Fluids/Intake,mL,Solution,General Intake,,
225164,Trisodium Citrate 0.4%,Trisodium Citrate 0.4%,metavision,inputevents_mv,Fluids/Intake,mL,Solution,Crystalloid,,
226362,ZGastric/TF Residual Intake,ZGastric/TF Residual Intake,metavision,inputevents_mv,Fluids/Intake,mL,Solution,Ignore,,
220861,Albumin (Human) 20%,Albumin 20%,metavision,inputevents_mv,Fluids - Other (Not In Use),mL,Solution,Colloid,,
220863,Albumin (Human) 4%,Albumin 4%,metavision,inputevents_mv,Fluids - Other (Not In Use),mL,Solution,Colloid,,
220865,Aquadestila,Aquadest,metavision,inputevents_mv,Fluids - Other (Not In Use),mL,Solution,Ignore,,
221193,Auto transfusion,Auto transfusion,metavision,inputevents_mv,Fluids - Other (Not In Use),mL,Solution,Ignore,,
220866,Darrow,Darrow,metavision,inputevents_mv,Fluids - Other (Not In Use),mL,Solution,Ignore,,
221000,Dextran 40 / Dextrose 5% (Gentran - Rheomacrodex),Dextran 40 / Dextrose 5%,metavision,inputevents_mv,Fluids - Other (Not In Use),mL,Solution,Colloid,,
221001,"Dextran 40 / Saline 0,9% (Gentran - Rheomacrodex)","Dextran 40 / Saline 0,9%",metavision,inputevents_mv,Fluids - Other (Not In Use),mL,Solution,Colloid,,
221002,Dextran 70 / Dextrose 5% (Gentran - Macrodex - RescueFlow),Dextran 70 / Dextrose 5%,metavision,inputevents_mv,Fluids - Other (Not In Use),mL,Solution,Colloid,,
221003,"Dextran 70 / Saline 0,9% (Gentran - Macrodex - RescueFlow)","Dextran 70 / Saline 0,9%",metavision,inputevents_mv,Fluids - Other (Not In Use),mL,Solution,Colloid,,
220968,Dextrose 10% / Ringers Lactate,Dextrose 10% / Ringers Lactate,metavision,inputevents_mv,Fluids - Other (Not In Use),mL,Solution,Crystalloid,,
221014,Dextrose 19%,Dextrose 19%,metavision,inputevents_mv,Fluids - Other (Not In Use),mL,Solution,Crystalloid,,
220951,Dextrose 20.%,Dextrose 20.%,metavision,inputevents_mv,Fluids - Other (Not In Use),mL,Solution,Crystalloid,,
221017,"Dextrose 2,5%","Dextrose 2,5%",metavision,inputevents_mv,Fluids - Other (Not In Use),mL,Solution,Crystalloid,,
220966,"Dextrose 2,5% / Saline 0,45%","Dextrose 2,5% / Saline 0,45%",metavision,inputevents_mv,Fluids - Other (Not In Use),mL,Solution,Crystalloid,,
220963,"Dextrose 4,3% / Saline 0,18%","Dextrose 4,3% / Saline 0,18%",metavision,inputevents_mv,Fluids - Other (Not In Use),mL,Solution,Crystalloid,,
220967,Dextrose 5% / Ringers Lactate,Dextrose 5% / Ringers Lactate,metavision,inputevents_mv,Fluids - Other (Not In Use),mL,Solution,Crystalloid,,
220965,"Dextrose 5% / Saline 0,45%","Dextrose 5% / Saline 0,45%",metavision,inputevents_mv,Fluids - Other (Not In Use),mL,Solution,Crystalloid,,
220964,"Dextrose 5% / Saline 0,9%","Dextrose 5% / Saline 0,9%",metavision,inputevents_mv,Fluids - Other (Not In Use),mL,Solution,Crystalloid,,
221015,Ensure,Ensure,metavision,inputevents_mv,Fluids - Other (Not In Use),mL,Solution,?,,
221016,Ensure Plus,Ensure Plus,metavision,inputevents_mv,Fluids - Other (Not In Use),mL,Solution,?,,
220971,ESDEP (Solvent / Detergent Virus-Inactivated Plasma),ESDEP,metavision,inputevents_mv,Fluids - Other (Not In Use),mL,Solution,?,,
221200,Fibrini,Fibrini,metavision,inputevents_mv,Fluids - Other (Not In Use),mL,Solution,?,,
221201,Fibrini Energy,Fibrini Energy,metavision,inputevents_mv,Fluids - Other (Not In Use),mL,Solution,?,,
220969,Filtered erytrocytes,Filtered erytrocytes,metavision,inputevents_mv,Fluids - Other (Not In Use),mL,Solution,,,
221198,Fresubin Energy,Fresubin Energy,metavision,inputevents_mv,Fluids - Other (Not In Use),mL,Solution,,,
221199,Fresubin Energy Fibre,Fresubin Energy Fibre,metavision,inputevents_mv,Fluids - Other (Not In Use),mL,Solution,,,
221196,Fresubin Original,Fresubin Original,metavision,inputevents_mv,Fluids - Other (Not In Use),mL,Solution,,,
221197,Fresubin Original Fibre,Fresubin Original Fibre,metavision,inputevents_mv,Fluids - Other (Not In Use),mL,Solution,,,
220973,Gelofusine,Gelofusine,metavision,inputevents_mv,Fluids - Other (Not In Use),mL,Solution,,,
220979,"Hetastarch 6% (Saline 0,9%)","Hetastarch 6% (Saline 0,9%)",metavision,inputevents_mv,Fluids - Other (Not In Use),mL,Solution,Colloid,,
221195,"Hexastarch 6% (Elohaes) / Saline 0,9%","Hexastarch 6%  / Saline 0,9%",metavision,inputevents_mv,Fluids - Other (Not In Use),mL,Solution,Colloid,,
220980,Hextend (Hetastarch 6% in Lactate),Hextend (Hetastarch 6% in Lactate),metavision,inputevents_mv,Fluids - Other (Not In Use),mL,Solution,,,
221202,Infatrini,Infatrini,metavision,inputevents_mv,Fluids - Other (Not In Use),mL,Solution,,,
220984,Intralipid 10%,Intralipid 10%,metavision,inputevents_mv,Fluids - Other (Not In Use),mL,Solution,,,
220985,Intralipid 20%,Intralipid 20%,metavision,inputevents_mv,Fluids - Other (Not In Use),mL,Solution,,,
220986,Intralipid 30%,Intralipid 30%,metavision,inputevents_mv,Fluids - Other (Not In Use),mL,Solution,,,
221038,Jevity,Jevity,metavision,inputevents_mv,Fluids - Other (Not In Use),mL,Solution,,,
221037,Jevity 1.2,Jevity 1.2,metavision,inputevents_mv,Fluids - Other (Not In Use),mL,Solution,,,
220989,Mannitol 10%,Mannitol 10%,metavision,inputevents_mv,Fluids - Other (Not In Use),mL,Solution,,,
220990,Mannitol 15%,Mannitol 15%,metavision,inputevents_mv,Fluids - Other (Not In Use),mL,Solution,,,
220991,Mannitol 20%,Mannitol 20%,metavision,inputevents_mv,Fluids - Other (Not In Use),mL,Solution,,,
220992,Mannitol 25%,Mannitol 25%,metavision,inputevents_mv,Fluids - Other (Not In Use),mL,Solution,,,
220988,Mannitol 5%,Mannitol 5%,metavision,inputevents_mv,Fluids - Other (Not In Use),mL,Solution,,,
221208,Normosol,Normosol,metavision,inputevents_mv,Fluids - Other (Not In Use),mL,Solution,,,
221206,Novasource,Novasource,metavision,inputevents_mv,Fluids - Other (Not In Use),mL,Solution,,,
221203,Nutrini,Nutrini,metavision,inputevents_mv,Fluids - Other (Not In Use),mL,Solution,,,
221020,Nutrison concentrated,Nutrison concentrated,metavision,inputevents_mv,Fluids - Other (Not In Use),mL,Solution,,,
221021,Nutrison Energy,Nutrison Energy,metavision,inputevents_mv,Fluids - Other (Not In Use),mL,Solution,,,
221022,Nutrison Energy Multi Fibre,Nutrison Energy Multi Fibre,metavision,inputevents_mv,Fluids - Other (Not In Use),mL,Solution,,,
221024,Nutrison Multi Fibre,Nutrison Multi Fibre,metavision,inputevents_mv,Fluids - Other (Not In Use),mL,Solution,,,
221205,Nutrison pre,Nutrison pre,metavision,inputevents_mv,Fluids - Other (Not In Use),mL,Solution,,,
221018,Nutrison Standard,Nutrison Standard,metavision,inputevents_mv,Fluids - Other (Not In Use),mL,Solution,,,
220972,Octoplas,Octoplas,metavision,inputevents_mv,Fluids - Other (Not In Use),mL,Solution,,,
221029,Osmolite,Osmolite,metavision,inputevents_mv,Fluids - Other (Not In Use),mL,Solution,,,
220996,Packed Red Cells,PRC,metavision,inputevents_mv,Fluids - Other (Not In Use),mL,Solution,,,
221025,Pediasure,Pediasure,metavision,inputevents_mv,Fluids - Other (Not In Use),mL,Solution,,,
220977,"Pentastarch 10% (HAES, Hemohes)",Pentastarch 10%,metavision,inputevents_mv,Fluids - Other (Not In Use),mL,Solution,,,
220975,"Pentastarch 6% (HAES, Hemohes)",Pentastarch 6%,metavision,inputevents_mv,Fluids - Other (Not In Use),mL,Solution,,,
221209,Peptisorb,Peptisorb,metavision,inputevents_mv,Fluids - Other (Not In Use),mL,Solution,,,
221027,Pulmocare,Pulmocare,metavision,inputevents_mv,Fluids - Other (Not In Use),mL,Solution,,,
220953,Ringers,Ringers,metavision,inputevents_mv,Fluids - Other (Not In Use),mL,Solution,Crystalloid,,
220956,Ringers Acetate,Ringers Acetate,metavision,inputevents_mv,Fluids - Other (Not In Use),mL,Solution,Crystalloid,,
220955,Ringers Lactate,Ringers Lactate,metavision,inputevents_mv,Fluids - Other (Not In Use),mL,Solution,Crystalloid,,
221212,"Saline 0,18%","Saline 0,18%",metavision,inputevents_mv,Fluids - Other (Not In Use),mL,Solution,Crystalloid,,
220958,"Saline 0,255%","Saline 0,255%",metavision,inputevents_mv,Fluids - Other (Not In Use),mL,Solution,Crystalloid,,
220959,"Saline 0,3%","Saline 0,3%",metavision,inputevents_mv,Fluids - Other (Not In Use),mL,Solution,Crystalloid,,
220960,"Saline 0,45%","Saline 0,45%",metavision,inputevents_mv,Fluids - Other (Not In Use),mL,Solution,Crystalloid,,
220961,"Saline 0,65%","Saline 0,65%",metavision,inputevents_mv,Fluids - Other (Not In Use),mL,Solution,Crystalloid,,
220954,"Saline 0,9%","Saline 0,9%",metavision,inputevents_mv,Fluids - Other (Not In Use),mL,Solution,Crystalloid,,
220962,Saline 3%,Saline 3%,metavision,inputevents_mv,Fluids - Other (Not In Use),mL,Solution,Crystalloid,,
221213,Saline 30%,Saline 30%,metavision,inputevents_mv,Fluids - Other (Not In Use),mL,Solution,Crystalloid,,
221211,"Sodium Bicarbonate 1,4%","NaBic 1,4%",metavision,inputevents_mv,Fluids - Other (Not In Use),mL,Solution,,,
221028,Stresson,Stresson,metavision,inputevents_mv,Fluids - Other (Not In Use),mL,Solution,,,
221210,Suplena,Suplena,metavision,inputevents_mv,Fluids - Other (Not In Use),mL,Solution,,,
221204,Tentrini,Tentrini,metavision,inputevents_mv,Fluids - Other (Not In Use),mL,Solution,,,
221004,Thrombocyte suspension,Thrombocyte suspension,metavision,inputevents_mv,Fluids - Other (Not In Use),mL,Solution,,,
221005,Vamin 14 Electrolyte free,Vamin 14-,metavision,inputevents_mv,Fluids - Other (Not In Use),mL,Solution,,,
221007,Vamin 14 Plus electrolytes,Vamin 14+,metavision,inputevents_mv,Fluids - Other (Not In Use),mL,Solution,,,
221006,Vamin 18 Electrolyte free,Vamin 18-,metavision,inputevents_mv,Fluids - Other (Not In Use),mL,Solution,,,
221008,Vamin Novum 18,Vamin Novum 18,metavision,inputevents_mv,Fluids - Other (Not In Use),mL,Solution,,,
221009,Vivinox T.E.N.,Vivonex T.E.N.,metavision,inputevents_mv,Fluids - Other (Not In Use),mL,Solution,,,
221012,Vivonex Pediatric,Vivonex Pediatric,metavision,inputevents_mv,Fluids - Other (Not In Use),mL,Solution,,,
221011,Vivonex Plus,Vivonex Plus,metavision,inputevents_mv,Fluids - Other (Not In Use),mL,Solution,,,
221013,Whole Blood,Whole Blood,metavision,inputevents_mv,Fluids - Other (Not In Use),mL,Solution,,,
225970,Beneprotein,Beneprotein,metavision,inputevents_mv,Nutrition - Enteral,grams,Solution,,,
227977,Boost Glucose Control (1/2),Boost Glucose Control (1/2),metavision,inputevents_mv,Nutrition - Enteral,mL,Solution,Nutrition,,
227976,Boost Glucose Control (1/4),Boost Glucose Control (1/4),metavision,inputevents_mv,Nutrition - Enteral,mL,Solution,Nutrition,,
227978,Boost Glucose Control (3/4),Boost Glucose Control (3/4),metavision,inputevents_mv,Nutrition - Enteral,mL,Solution,Nutrition,,
227979,Boost Glucose Control (Full),Boost Glucose Control (Full),metavision,inputevents_mv,Nutrition - Enteral,mL,Solution,Nutrition,,
228352,Enlive (1/2),Enlive (1/2),metavision,inputevents_mv,Nutrition - Enteral,mL,Solution,Nutrition,,
228353,Enlive (1/4),Enlive (1/4),metavision,inputevents_mv,Nutrition - Enteral,mL,Solution,Nutrition,,
228354,Enlive (3/4),Enlive (3/4),metavision,inputevents_mv,Nutrition - Enteral,mL,Solution,Nutrition,,
228355,Enlive (Full),Enlive (Full),metavision,inputevents_mv,Nutrition - Enteral,mL,Solution,Nutrition,,
226876,Ensure (1/2),Ensure (1/2),metavision,inputevents_mv,Nutrition - Enteral,mL,Solution,Nutrition,,
227091,Ensure (1/4),Ensure (1/4),metavision,inputevents_mv,Nutrition - Enteral,mL,Solution,Nutrition,,
226875,Ensure (3/4),Ensure (3/4),metavision,inputevents_mv,Nutrition - Enteral,mL,Solution,Nutrition,,
225937,Ensure (Full),Ensure (Full),metavision,inputevents_mv,Nutrition - Enteral,mL,Solution,Nutrition,,
226879,Ensure Plus (1/2),Ensure Plus (1/2),metavision,inputevents_mv,Nutrition - Enteral,mL,Solution,Nutrition,,
227092,Ensure Plus (1/4),Ensure Plus (1/4),metavision,inputevents_mv,Nutrition - Enteral,mL,Solution,Nutrition,,
226878,Ensure Plus (3/4),Ensure Plus (3/4),metavision,inputevents_mv,Nutrition - Enteral,mL,Solution,Nutrition,,
226877,Ensure Plus (Full),Ensure Plus (Full),metavision,inputevents_mv,Nutrition - Enteral,mL,Solution,Nutrition,,
226226,Enteral Nutriton Residuals,Enteral Nutriton Residuals,metavision,chartevents,Nutrition - Enteral,None,Numeric,Nutrition,,
227698,Fibersource HN (1/2),Fibersource HN (1/2),metavision,inputevents_mv,Nutrition - Enteral,mL,Solution,Nutrition,,
227699,Fibersource HN (1/4),Fibersource HN (1/4),metavision,inputevents_mv,Nutrition - Enteral,mL,Solution,Nutrition,,
227697,Fibersource HN (2/3),Fibersource HN (2/3),metavision,inputevents_mv,Nutrition - Enteral,mL,Solution,Nutrition,,
227696,Fibersource HN (3/4),Fibersource HN (3/4),metavision,inputevents_mv,Nutrition - Enteral,mL,Solution,Nutrition,,
227695,Fibersource HN (Full),Fibersource HN (Full),metavision,inputevents_mv,Nutrition - Enteral,mL,Solution,Nutrition,,
228356,Glucerna (1/2),Glucerna (1/2),metavision,inputevents_mv,Nutrition - Enteral,mL,Solution,Nutrition,,
228357,Glucerna (1/4),Glucerna (1/4),metavision,inputevents_mv,Nutrition - Enteral,mL,Solution,Nutrition,,
228358,Glucerna (3/4),Glucerna (3/4),metavision,inputevents_mv,Nutrition - Enteral,mL,Solution,Nutrition,,
228359,Glucerna (Full),Glucerna (Full),metavision,inputevents_mv,Nutrition - Enteral,mL,Solution,Nutrition,,
226023,Impact (1/2),Impact (1/2),metavision,inputevents_mv,Nutrition - Enteral,mL,Solution,Nutrition,,
226020,Impact (1/4),Impact (1/4),metavision,inputevents_mv,Nutrition - Enteral,mL,Solution,Nutrition,,
226021,Impact (2/3),Impact (2/3),metavision,inputevents_mv,Nutrition - Enteral,mL,Solution,Nutrition,,
226022,Impact (3/4),Impact (3/4),metavision,inputevents_mv,Nutrition - Enteral,mL,Solution,Nutrition,,
221207,Impact (Full),Impact (Full),metavision,inputevents_mv,Nutrition - Enteral,mL,Solution,Nutrition,,
226027,Impact with Fiber (1/2),Impact with Fiber (1/2),metavision,inputevents_mv,Nutrition - Enteral,mL,Solution,Nutrition,,
226024,Impact with Fiber (1/4),Impact with Fiber (1/4),metavision,inputevents_mv,Nutrition - Enteral,mL,Solution,Nutrition,,
226025,Impact with Fiber (2/3),Impact with Fiber (2/3),metavision,inputevents_mv,Nutrition - Enteral,mL,Solution,Nutrition,,
226026,Impact with Fiber (3/4),Impact with Fiber (3/4),metavision,inputevents_mv,Nutrition - Enteral,mL,Solution,Nutrition,,
225928,Impact with Fiber (Full),Impact with Fiber (Full),metavision,inputevents_mv,Nutrition - Enteral,mL,Solution,Nutrition,,
228131,Isosource 1.5 (1/2),Isosource 1.5 (1/2),metavision,inputevents_mv,Nutrition - Enteral,mL,Solution,Nutrition,,
228132,Isosource 1.5 (1/4),Isosource 1.5 (1/4),metavision,inputevents_mv,Nutrition - Enteral,mL,Solution,Nutrition,,
228133,Isosource 1.5 (2/3),Isosource 1.5 (2/3),metavision,inputevents_mv,Nutrition - Enteral,mL,Solution,Nutrition,,
228134,Isosource 1.5 (3/4),Isosource 1.5 (3/4),metavision,inputevents_mv,Nutrition - Enteral,mL,Solution,Nutrition,,
228135,Isosource 1.5 (Full),Isosource 1.5 (Full),metavision,inputevents_mv,Nutrition - Enteral,mL,Solution,Nutrition,,
228348,Nepro (1/2),Nepro (1/2),metavision,inputevents_mv,Nutrition - Enteral,mL,Solution,Nutrition,,
228349,Nepro (1/4),Nepro (1/4),metavision,inputevents_mv,Nutrition - Enteral,mL,Solution,Nutrition,,
228350,Nepro (3/4),Nepro (3/4),metavision,inputevents_mv,Nutrition - Enteral,mL,Solution,Nutrition,,
228351,Nepro (Full),Nepro (Full),metavision,inputevents_mv,Nutrition - Enteral,mL,Solution,Nutrition,,
227973,NovaSource Renal (1/2),NovaSource Renal (1/2),metavision,inputevents_mv,Nutrition - Enteral,mL,Solution,Nutrition,,
227972,NovaSource Renal (1/4),NovaSource Renal (1/4),metavision,inputevents_mv,Nutrition - Enteral,mL,Solution,Nutrition,,
227974,NovaSource Renal (3/4),NovaSource Renal (3/4),metavision,inputevents_mv,Nutrition - Enteral,mL,Solution,Nutrition,,
227975,NovaSource Renal (Full),NovaSource Renal (Full),metavision,inputevents_mv,Nutrition - Enteral,mL,Solution,Nutrition,,
226019,Nutren 2.0 (1/2),Nutren 2.0 (1/2),metavision,inputevents_mv,Nutrition - Enteral,mL,Solution,Nutrition,,
226016,Nutren 2.0 (1/4),Nutren 2.0 (1/4),metavision,inputevents_mv,Nutrition - Enteral,mL,Solution,Nutrition,,
226017,Nutren 2.0 (2/3),Nutren 2.0 (2/3),metavision,inputevents_mv,Nutrition - Enteral,mL,Solution,Nutrition,,
226018,Nutren 2.0 (3/4),Nutren 2.0 (3/4),metavision,inputevents_mv,Nutrition - Enteral,mL,Solution,Nutrition,,
227518,Nutren 2.0 (3/4),Nutren 2.0 (3/4),metavision,inputevents_mv,Nutrition - Enteral,mL,Solution,Nutrition,,
225931,Nutren 2.0 (Full),Nutren 2.0 (Full),metavision,inputevents_mv,Nutrition - Enteral,mL,Solution,Nutrition,,
226882,Nutren Pulmonary (1/2),Nutren Pulmonary (1/2),metavision,inputevents_mv,Nutrition - Enteral,mL,Solution,Nutrition,,
226881,Nutren Pulmonary (3/4),Nutren Pulmonary (3/4),metavision,inputevents_mv,Nutrition - Enteral,mL,Solution,Nutrition,,
226880,Nutren Pulmonary (Full),Nutren Pulmonary (Full),metavision,inputevents_mv,Nutrition - Enteral,mL,Solution,Nutrition,,
226031,Nutren Renal (1/2),Nutren Renal (1/2),metavision,inputevents_mv,Nutrition - Enteral,mL,Solution,Nutrition,,
226028,Nutren Renal (1/4),Nutren Renal (1/4),metavision,inputevents_mv,Nutrition - Enteral,mL,Solution,Nutrition,,
226029,Nutren Renal (2/3),Nutren Renal (2/3),metavision,inputevents_mv,Nutrition - Enteral,mL,Solution,Nutrition,,
226030,Nutren Renal (3/4),Nutren Renal (3/4),metavision,inputevents_mv,Nutrition - Enteral,mL,Solution,Nutrition,,
221036,Nutren Renal (Full),Nutren Renal (Full),metavision,inputevents_mv,Nutrition - Enteral,mL,Solution,Nutrition,,
226039,Peptamen 1.5 (1/2),Peptamen 1.5 (1/2),metavision,inputevents_mv,Nutrition - Enteral,mL,Solution,Nutrition,,
226036,Peptamen 1.5 (1/4),Peptamen 1.5 (1/4),metavision,inputevents_mv,Nutrition - Enteral,mL,Solution,Nutrition,,
226037,Peptamen 1.5 (2/3),Peptamen 1.5 (2/3),metavision,inputevents_mv,Nutrition - Enteral,mL,Solution,Nutrition,,
226038,Peptamen 1.5 (3/4),Peptamen 1.5 (3/4),metavision,inputevents_mv,Nutrition - Enteral,mL,Solution,Nutrition,,
225930,Peptamen 1.5 (Full),Peptamen 1.5 (Full),metavision,inputevents_mv,Nutrition - Enteral,mL,Solution,Nutrition,,
228383,Peptamen Bariatric (Full),Peptamen Bariatric (Full),metavision,inputevents_mv,Nutrition - Enteral,mL,Solution,Nutrition,,
227374,Peptamen VHP (1/2),Peptamen VHP (1/2),metavision,inputevents_mv,Nutrition - Enteral,mL,Solution,Nutrition,,
227373,Peptamen VHP (1/4),Peptamen VHP (1/4),metavision,inputevents_mv,Nutrition - Enteral,mL,Solution,Nutrition,,
227372,Peptamen VHP (2/3),Peptamen VHP (2/3),metavision,inputevents_mv,Nutrition - Enteral,mL,Solution,Nutrition,,
227371,Peptamen VHP (3/4),Peptamen VHP (3/4),metavision,inputevents_mv,Nutrition - Enteral,mL,Solution,Nutrition,,
227370,Peptamen VHP (Full),Peptamen VHP (Full),metavision,inputevents_mv,Nutrition - Enteral,mL,Solution,Nutrition,,
226043,ProBalance (1/2),ProBalance (1/2),metavision,inputevents_mv,Nutrition - Enteral,mL,Solution,Nutrition,,
226040,ProBalance (1/4),ProBalance (1/4),metavision,inputevents_mv,Nutrition - Enteral,mL,Solution,Nutrition,,
226041,ProBalance (2/3),ProBalance (2/3),metavision,inputevents_mv,Nutrition - Enteral,mL,Solution,Nutrition,,
226042,ProBalance (3/4),ProBalance (3/4),metavision,inputevents_mv,Nutrition - Enteral,mL,Solution,Nutrition,,
225929,ProBalance (Full),ProBalance (Full),metavision,inputevents_mv,Nutrition - Enteral,mL,Solution,Nutrition,,
228360,Pulmocare (1/2),Pulmocare (1/2),metavision,inputevents_mv,Nutrition - Enteral,mL,Solution,Nutrition,,
228361,Pulmocare (1/4),Pulmocare (1/4),metavision,inputevents_mv,Nutrition - Enteral,mL,Solution,Nutrition,,
228362,Pulmocare (3/4),Pulmocare (3/4),metavision,inputevents_mv,Nutrition - Enteral,mL,Solution,Nutrition,,
228363,Pulmocare (Full),Pulmocare (Full),metavision,inputevents_mv,Nutrition - Enteral,mL,Solution,Nutrition,,
226047,Replete (1/2),Replete (1/2),metavision,inputevents_mv,Nutrition - Enteral,mL,Solution,Nutrition,,
226044,Replete (1/4),Replete (1/4),metavision,inputevents_mv,Nutrition - Enteral,mL,Solution,Nutrition,,
226045,Replete (2/3),Replete (2/3),metavision,inputevents_mv,Nutrition - Enteral,mL,Solution,Nutrition,,
226046,Replete (3/4),Replete (3/4),metavision,inputevents_mv,Nutrition - Enteral,mL,Solution,Nutrition,,
225935,Replete (Full),Replete (Full),metavision,inputevents_mv,Nutrition - Enteral,mL,Solution,Nutrition,,
226051,Replete with Fiber (1/2),Replete with Fiber (1/2),metavision,inputevents_mv,Nutrition - Enteral,mL,Solution,Nutrition,,
226048,Replete with Fiber (1/4),Replete with Fiber (1/4),metavision,inputevents_mv,Nutrition - Enteral,mL,Solution,Nutrition,,
226049,Replete with Fiber (2/3),Replete with Fiber (2/3),metavision,inputevents_mv,Nutrition - Enteral,mL,Solution,Nutrition,,
226050,Replete with Fiber (3/4),Replete with Fiber (3/4),metavision,inputevents_mv,Nutrition - Enteral,mL,Solution,Nutrition,,
225936,Replete with Fiber (Full),Replete with Fiber (Full),metavision,inputevents_mv,Nutrition - Enteral,mL,Solution,Nutrition,,
228364,Two Cal HN (1/2),Two Cal HN (1/2),metavision,inputevents_mv,Nutrition - Enteral,mL,Solution,Nutrition,,
228365,Two Cal HN (1/4),Two Cal HN (1/4),metavision,inputevents_mv,Nutrition - Enteral,mL,Solution,Nutrition,,
228366,Two Cal HN (3/4),Two Cal HN (3/4),metavision,inputevents_mv,Nutrition - Enteral,mL,Solution,Nutrition,,
228367,Two Cal HN (Full),Two Cal HN (Full),metavision,inputevents_mv,Nutrition - Enteral,mL,Solution,Nutrition,,
226059,Vivonex (1/2),Vivonex (1/2),metavision,inputevents_mv,Nutrition - Enteral,mL,Solution,Nutrition,,
226056,Vivonex (1/4),Vivonex (1/4),metavision,inputevents_mv,Nutrition - Enteral,mL,Solution,Nutrition,,
226057,Vivonex (2/3),Vivonex (2/3),metavision,inputevents_mv,Nutrition - Enteral,mL,Solution,Nutrition,,
226058,Vivonex (3/4),Vivonex (3/4),metavision,inputevents_mv,Nutrition - Enteral,mL,Solution,Nutrition,,
225934,Vivonex (Full),Vivonex (Full),metavision,inputevents_mv,Nutrition - Enteral,mL,Solution,Nutrition,,
225948,Amino Acids,Amino Acids,metavision,inputevents_mv,Nutrition - Parenteral,grams,Solution,,,
225947,Dextrose PN,Dextrose PN,metavision,inputevents_mv,Nutrition - Parenteral,grams,Solution,,,
227090,Lipids 10%,Lipids 10%,metavision,inputevents_mv,Nutrition - Parenteral,mL,Solution,Nutrition,,
225801,Lipids 20%,Lipids 20%,metavision,inputevents_mv,Nutrition - Parenteral,mL,Solution,Nutrition,,
225969,Lipids (additive),Lipids (additive),metavision,inputevents_mv,Nutrition - Parenteral,grams,Solution,,,
225920,Peripheral Parenteral Nutrition,Peripheral Parenteral Nutrition,metavision,inputevents_mv,Nutrition - Parenteral,mL,Solution,Nutrition,,
222190,Ranitidine,Ranitidine,metavision,inputevents_mv,Nutrition - Parenteral,mg,Solution,,,
225917,TPN without Lipids,TPN without Lipids,metavision,inputevents_mv,Nutrition - Parenteral,mL,Solution,Nutrition,,
225916,TPN w/ Lipids,TPN w/ Lipids,metavision,inputevents_mv,Nutrition - Parenteral,mL,Solution,Nutrition,,
225918,Aminosyn 3.5%,Aminosyn 3.5%,metavision,inputevents_mv,Nutrition - Supplements,mL,Solution,Nutrition,,
226000,Chocolate Scandi Shake (mixed),Chocolate Scandi Shake (mixed),metavision,inputevents_mv,Nutrition - Supplements,mL,Solution,,,
225919,D5 Aminosyn 3.5%,D5 Aminosyn 3.5%,metavision,inputevents_mv,Nutrition - Supplements,mL,Solution,,,
225923,Folate,Folate,metavision,inputevents_mv,Nutrition - Supplements,mg,Solution,,,
225921,Hepatamine,Hepatamine,metavision,inputevents_mv,Nutrition - Supplements,mL,Solution,,,
225924,Hydrochloric Acid,Hydrochloric Acid,metavision,inputevents_mv,Nutrition - Supplements,mEq,Solution,,,
225995,Mighty Shake (Chocolate),Mighty Shake (Chocolate),metavision,inputevents_mv,Nutrition - Supplements,mL,Solution,,,
225996,Mighty Shake (no sugar added),Mighty Shake (no sugar added),metavision,inputevents_mv,Nutrition - Supplements,mL,Solution,,,
225994,Mighty Shake (Vanilla/Strawberry),Mighty Shake (Vanilla/Strawberry),metavision,inputevents_mv,Nutrition - Supplements,mL,Solution,,,
225922,Nephramine,Nephramine,metavision,inputevents_mv,Nutrition - Supplements,mL,Solution,,,
225993,Optisource,Optisource,metavision,inputevents_mv,Nutrition - Supplements,ounces,Solution,,,
222139,Potassium ACEtate,Potassium ACEtate,metavision,inputevents_mv,Nutrition - Supplements,mEq,Solution,,,
225925,Potassium Phosphate,Potassium Phosphate,metavision,inputevents_mv,Nutrition - Supplements,mmol,Solution,,,
225991,Resource Fruit Beverage,Resource Fruit Beverage,metavision,inputevents_mv,Nutrition - Supplements,mL,Solution,,,
225926,Sodium ACEtate,Sodium ACEtate,metavision,inputevents_mv,Nutrition - Supplements,mEq,Solution,,,
226002,Vanilla Lactose Free Scandi Shake (mixed),Vanilla Lactose Free Scandi Shake (mixed),metavision,inputevents_mv,Nutrition - Supplements,mL,Solution,,,
225999,Vanilla Scandi Shake (mixed),Vanilla Scandi Shake (mixed),metavision,inputevents_mv,Nutrition - Supplements,mL,Solution,,,
226569,Anderson (gastric),Anderson (gastric),metavision,outputevents,Output,mL,Numeric,Drain,,
226570,Blakemore,Blakemore,metavision,outputevents,Output,mL,Numeric,Drain,,
226632,Cath Lab,Cath Lab,metavision,outputevents,Output,mL,Numeric,General Output,Cath,
226588,Chest Tube #1,Chest Tube #1,metavision,outputevents,Output,mL,Numeric,Drain,,
226589,Chest Tube #2,Chest Tube #2,metavision,outputevents,Output,mL,Numeric,Drain,,
226561,Condom Cath,Condom Cath,metavision,outputevents,Output,mL,Numeric,Urine Output,,
226571,Emesis,Emesis,metavision,outputevents,Output,mL,Numeric,General Output,,
226572,Ewald,Ewald,metavision,outputevents,Output,mL,Numeric,???,,
226580,Fecal Bag,Fecal Bag,metavision,outputevents,Output,mL,Numeric,General Output,,
226559,Foley,Foley,metavision,outputevents,Output,mL,Numeric,Urine Output,,
226573,Gastric Tube,Gastric Tube,metavision,outputevents,Output,mL,Numeric,Drain,,
227487,GU Irrigant Type,GU Irrigant Type,metavision,outputevents,Output,,Text,,,
227489,GU Irrigant/Urine Volume Out,GU Irrigant/Urine Volume Out,metavision,outputevents,Output,mL,Numeric,Irrigant,,make negative
227488,GU Irrigant Volume In,GU Irrigant Volume In,metavision,outputevents,Output,mL,Numeric,Irrigant,,check the sign
226584,Ileoconduit,Ileoconduit,metavision,outputevents,Output,mL,Numeric,Drain,,
226713,Incontinent (estimate),Incontinent (estimate),metavision,outputevents,Output,,Text,,,
226574,Jejunostomy,Jejunostomy,metavision,outputevents,Output,mL,Numeric,Drain,,
226565,L Nephrostomy,L Nephrostomy,metavision,outputevents,Output,mL,Numeric,Urine Output,,
226590,L Pleural #1,L Pleural #1,metavision,outputevents,Output,mL,Numeric,Drain,,
226591,L Pleural #2,L Pleural #2,metavision,outputevents,Output,mL,Numeric,Drain,,
226558,L Ureteral Stent,L Ureteral Stent,metavision,outputevents,Output,mL,Numeric,Drain,,
226592,Mediastinal,Mediastinal,metavision,outputevents,Output,mL,Numeric,Drain,,
226575,Nasogastric,Nasogastric,metavision,outputevents,Output,mL,Numeric,Drain,,
226576,Oral Gastric,Oral Gastric,metavision,outputevents,Output,mL,Numeric,Drain,,
226626,OR EBL,OR EBL,metavision,outputevents,Output,mL,Numeric,General Output,OR,blood loss
226627,OR Urine,OR Urine,metavision,outputevents,Output,mL,Numeric,Urine Output,OR,
226582,Ostomy (output),Ostomy (output),metavision,outputevents,Output,mL,Numeric,General Output,,
226628,PACU Drains,PACU Drains,metavision,outputevents,Output,mL,Numeric,Drain,PACU,
226629,PACU EBL,PACU EBL,metavision,outputevents,Output,mL,Numeric,General Output,PACU,blood loss
226630,PACU Gastric,PACU Gastric,metavision,outputevents,Output,mL,Numeric,Drain,PACU,
226631,PACU Urine,PACU Urine,metavision,outputevents,Output,mL,Numeric,Urine Output,PACU,
226633,Pre-Admission,Pre-Admission,metavision,outputevents,Output,mL,Numeric,General Output,Pre-admission,
226583,Rectal Tube,Rectal Tube,metavision,outputevents,Output,mL,Numeric,General Output,,
226564,R Nephrostomy,R Nephrostomy,metavision,outputevents,Output,mL,Numeric,Urine Output,,
226593,R Pleural #1,R Pleural #1,metavision,outputevents,Output,mL,Numeric,Drain,,
226595,R Pleural #2,R Pleural #2,metavision,outputevents,Output,mL,Numeric,Drain,,
226557,R Ureteral Stent,R Ureteral Stent,metavision,outputevents,Output,mL,Numeric,Drain,,
226579,Stool,Stool,metavision,outputevents,Output,mL,Numeric,General Output,,
228103,Stool containment device placed,Stool containment device placed,metavision,outputevents,Output,,Date time,,,
226586,Stool Estimate,Stool Estimate,metavision,outputevents,Output,,Text,,,
226567,Straight Cath,Straight Cath,metavision,outputevents,Output,mL,Numeric,Urine Output,,
226563,Suprapubic,Suprapubic,metavision,outputevents,Output,mL,Numeric,Urine Output,,
227510,TF Residual,TF Residual,metavision,outputevents,Output,mL,Numeric,General Output,,
227511,TF Residual Output,TF Residual Output,metavision,outputevents,Output,mL,Numeric,General Output,,
226566,Urine and GU Irrigant Out,Urine and GU Irrigant Out,metavision,outputevents,Output,mL,Numeric,Irrigant,,
226560,Void,Void,metavision,outputevents,Output,mL,Numeric,Urine Output,,
225506,Barrier precautions in place (PACEN),Barrier precautions in place (PACEN),metavision,chartevents,Paracentesis,,Text,,,
228645,Barrier precautions in place (PACEN),Barrier precautions in place (PACEN),metavision,chartevents,Paracentesis,,Text,,,
226439,Complications (PACEN),Complications (PACEN),metavision,chartevents,Paracentesis,,Text,,,
226012,Dressing applied and dated (PACEN),Dressing applied and dated (PACEN),metavision,chartevents,Paracentesis,,Checkbox,,,
228084,Dressing applied and dated (PACEN),Dressing applied and dated (PACEN),metavision,chartevents,Paracentesis,,Text,,,
225260,Entry site (PACEN),Entry site (PACEN),metavision,chartevents,Paracentesis,,Text,,,
225262,Fluid removed description (PACEN),Fluid removed description (PACEN),metavision,chartevents,Paracentesis,,Text,,,
225261,Fluid removed (PACEN),Fluid removed (PACEN),metavision,chartevents,Paracentesis,mL,Numeric,General Output,,
228081,Hand cleansing prior to procedure (PACEN),Hand cleansing prior to procedure (PACEN),metavision,chartevents,Paracentesis,,Text,,,
225503,Hand cleansing prior to procedure (PACEN),Hand cleansing prior to procedure (PACEN),metavision,chartevents,Paracentesis,,Checkbox,,,
225254,Indication (PACEN),Indication (PACEN),metavision,chartevents,Paracentesis,,Text,,,
225501,Insertion kit used (PACEN),Insertion kit used (PACEN),metavision,chartevents,Paracentesis,,Checkbox,,,
228080,Insertion kit used (PACEN),Insertion kit used (PACEN),metavision,chartevents,Paracentesis,,Text,,,
225256,Insertion site prepped and draped (PACEN),Insertion site prepped and draped (PACEN),metavision,chartevents,Paracentesis,,Checkbox,,,
228086,I was present during the above procedure and agree with the checklist (PACEN),I was present during the above procedure (PACEN),metavision,chartevents,Paracentesis,,Checkbox,,,
225257,Lidocaine 1% (PACEN),Lidocaine 1% (PACEN),metavision,chartevents,Paracentesis,mL SC,Numeric,,,
226011,Number of attempts (PACEN),Number of attempts (PACEN),metavision,chartevents,Paracentesis,None,Numeric,,,
226010,Number of operators (PACEN),Number of operators (PACEN),metavision,chartevents,Paracentesis,,Text,,,
225499,Patient identified correctly by 2 means (PACEN),Patient identified correctly by 2 means (PACEN),metavision,chartevents,Paracentesis,,Text,,,
228082,Site cleaned with ChloraPrep (PACEN),Site cleaned with ChloraPrep (PACEN),metavision,chartevents,Paracentesis,,Text,,,
225504,Site cleaned with ChloraPrep (PACEN),Site cleaned with ChloraPrep (PACEN),metavision,chartevents,Paracentesis,,Checkbox,,,
228085,The Attending/Supervisor is the Clinical Operator (PACEN),The Attending/Supervisor (PACEN),metavision,chartevents,Paracentesis,,Checkbox,,,
225498,Timeout performed by (PACEN),Timeout performed by (PACEN),metavision,chartevents,Paracentesis,,Text,,,
225255,Ultrasound (PACEN),Ultrasound (PACEN),metavision,chartevents,Paracentesis,,Text,,,
225500,Verification of (PACEN),Verification of (PACEN),metavision,chartevents,Paracentesis,,Text,,,
228646,Barrier precautions in place (THCEN),Barrier precautions in place (THCEN),metavision,chartevents,Thoracentesis,,Text,,,
225487,Barrier precautions in place (THCEN),Barrier precautions in place (THCEN),metavision,chartevents,Thoracentesis,,Text,,,
225250,Complications (THCEN),Complications (THCEN),metavision,chartevents,Thoracentesis,,Text,,,
224506,Conscious sedation (THCEN),Conscious sedation (THCEN),metavision,chartevents,Thoracentesis,,Checkbox,,,
226009,Dressing applied and dated (THCEN),Dressing applied and dated (THCEN),metavision,chartevents,Thoracentesis,,Checkbox,,,
228092,Dressing applied and dated (THCEN),Dressing applied and dated (THCEN),metavision,chartevents,Thoracentesis,,Text,,,
225247,Fluid Removed Description (THCEN),Fluid Removed Description (THCEN),metavision,chartevents,Thoracentesis,,Text,,,
225246,Fluid Removed (THCEN),Fluid Removed (THCEN),metavision,chartevents,Thoracentesis,mL,Numeric,General Output,,
228093,Follow-up X-RAY Ordered (THCEN),Follow-up X-RAY Ordered (THCEN),metavision,chartevents,Thoracentesis,,Text,,,
225488,Follow-up X-RAY Ordered (THCEN),Follow-up X-RAY Ordered (THCEN),metavision,chartevents,Thoracentesis,,Checkbox,,,
225486,Hand cleansing prior to procedure (THCEN),Hand cleansing prior to procedure (THCEN),metavision,chartevents,Thoracentesis,,Checkbox,,,
228088,Hand cleansing prior to procedure (THCEN),Hand cleansing prior to procedure (THCEN),metavision,chartevents,Thoracentesis,,Text,,,
225242,Indication (THCEN),Indication (THCEN),metavision,chartevents,Thoracentesis,,Text,,,
228087,Insertion kit used (THCEN),Insertion kit used (THCEN),metavision,chartevents,Thoracentesis,,Text,,,
225485,Insertion kit used (THCEN),Insertion kit used (THCEN),metavision,chartevents,Thoracentesis,,Checkbox,,,
228095,I was present during the above procedure and agree with the checklist (THCEN),I was present during the above procedure (THCEN),metavision,chartevents,Thoracentesis,,Checkbox,,,
224505,Lidocaine 1% (THCEN),Lidocaine 1% (THCEN),metavision,chartevents,Thoracentesis,mL SC,Numeric,,,
228090,Number of attempts (THCEN),Number of attempts (THCEN),metavision,chartevents,Thoracentesis,None,Numeric,,,
228091,Number of operators (THCEN),Number of operators (THCEN),metavision,chartevents,Thoracentesis,,Text,,,
225491,Patient identified correctly by 2 means (THCEN),Patient identified correctly by 2 means (THCEN),metavision,chartevents,Thoracentesis,,Text,,,
225245,Patient position (THCEN),Patient position (THCEN),metavision,chartevents,Thoracentesis,,Text,,,
224503,Patient (THCEN),Patient (THCEN),metavision,chartevents,Thoracentesis,,Text,,,
225244,Side (THCEN),Side (THCEN),metavision,chartevents,Thoracentesis,,Text,,,
228089,Site cleansed with ChloraPrep (THCEN),Site cleansed with ChloraPrep (THCEN),metavision,chartevents,Thoracentesis,,Text,,,
225489,Site cleansed with ChloraPrep (THCEN),Site cleansed with ChloraPrep (THCEN),metavision,chartevents,Thoracentesis,,Checkbox,,,
228094,The Attending/Supervisor is the Clinician Operator (THCEN),The Attending/Supervisor (THCEN),metavision,chartevents,Thoracentesis,,Checkbox,,,
225490,Timeout Performed by (THCEN),Timeout Performed by (THCEN),metavision,chartevents,Thoracentesis,,Text,,,
225492,Verification of (THCEN),Verification of (THCEN),metavision,chartevents,Thoracentesis,,Text,,,
224504,With ultrasound (THCEN),With ultrasound (THCEN),metavision,chartevents,Thoracentesis,,Text,,,
223877,ZCath Lab Intake,ZCath Lab Intake,metavision,chartevents,ZIntake,mL,Numeric,Ignore,,
223880,ZFree Form Intake,ZFree Form Intake,metavision,chartevents,ZIntake,mL,Numeric,Ignore,,
223881,ZGU Irrigant Intake,ZGU Irrigant Intake,metavision,chartevents,ZIntake,mL,Numeric,Ignore,,
223878,ZOR Intake,ZOR Intake,metavision,chartevents,ZIntake,mL,Numeric,Ignore,,
223879,ZPACU Intake,ZPACU Intake,metavision,chartevents,ZIntake,mL,Numeric,Ignore,,